Episode,Date,Review
82,5시간 전,아.스토리 병인데 이게 재밋다고 참나 반년이나ㅜ안봣나 할짓없어 볼거없어 몰아봣는데 와 역시.
82,5시간 전,아니 쟈는 100년살고 캐사기가됏은데 주인공이란 유충인가 갸는 OOO이네 ㅋㅋ
82,1일 전,몰랐는데 왜 소 흑염포가 아니고 소 적염포임?
82,2일 전,도깨비 빤스 입은 거지 주제에ㅋㅋㅋㅋㅋ
82,5일 전,벌레ㅅㄲ 쥰내 역하다 진짜
82,5일 전,당연히 원작이랑 다르지!! 이건 ■■■가 아니라 ■■■■■■라니까!
82,2022-09-20 10:45,리카온 너무 허무하게 죽었어ㅠㅠㅠ
82,2022-09-12 01:41,아ㅠㅜㅋ 왜 하필 많고 많은 구절 중에 저게 나올 건 뭐람
82,2022-09-10 20:05,ㅋㅋㅋㅋㅋㅋㅋㅋㅋㅋㅋㅋ 아.. ㅋㅋㅋㅋㅋ 
82,2022-09-05 22:06,공무...
82,2022-09-02 21:06,아...충무공...
82,2022-08-25 19:36,한수영 반팔잘어울린다...
82,2022-08-21 22:30,호주australia
82,2022-08-20 01:28,칼의 노래 발현될 때 이미지 너무 예뻐요
82,2022-08-16 00:38,명일상 그냥 물음표 살인마잖아 ㅋㅋㅋㅋㅋㅋ
82,2022-08-12 08:25,바람기술조얻자
82,2022-08-07 22:06,근데..쟤 주억꾸악주이가 없어..
82,2022-08-04 12:30,아니 멈추지 말라고 ㅋㅋ큐큐큐ㅠㅠ
82,2022-07-28 12:34,"ㅋㅋㅋㅋ 궁서체로 ""28일. 맑다.""이딴거 써놓지 말라곸ㅋㅋㅋ"
82,2022-07-27 16:57,저게 그 말로만 듣던 물음표 살인마 인가?
82,2022-07-27 13:12,공무....공무???? 야이..씨..
82,2022-07-26 15:07,그니까...물음표살인마잖아근데 진짜로 죽이는
82,2022-07-21 10:00,공무를 보셨군요..
82,2022-07-20 10:51,여기서 용사가 돌아왔다 .?
82,2022-07-16 22:16,막았나 하지마라 진짜.
82,2022-07-11 15:40,아니..요즘분량이ㅠ
82,2022-07-10 11:19,"칼의 노래... 무한으로 쓸수있지만 소절이 ""가챠""지 "
82,2022-07-08 19:08,"28일 ""맑음"" 날씨가 맑아집니다!"
82,2022-07-07 22:16,개웃겨진짜
82,2022-06-30 01:04,ㅎ ㅏ...
82,2022-06-23 15:50,질문에 재앙이 벌레 늑대 새 중에 누가 제일 잘하게?이거 나만 19금 생각나나
82,2022-06-22 05:46,실제로 난중일기 1월 28일 맑음. 동헌에 나가서 공무를 보았다. 한 줄 일기임. 동헌을 공헌으로 잘못 쓰신 것 같음. 요즘 난중일기 읽는 중인데 반갑구ㅋㅋㅋㅋ
82,2022-06-12 18:46,충무공ㅋㅋㅋㅋㅋㅋㅋㅋㅋ큐ㅠㅠㅠㅠㅠㅜ
82,2022-06-12 13:42,명일상 배후성 지금보니까 양산형 제작잔데 나중에 뭐 있을려나
82,2022-06-09 23:31,진짜 벌레는 벌레다. 벌레컷
82,2022-06-09 08:49,"""저거 남친이야?""에 ""손 치워.""를 대답으로 인정한다고?"
82,2022-05-30 14:51,맑다..ㅋㅋㅋㅋㅋㅋㅋㅋㅋ
82,2022-05-14 02:21,"벌레, 늑대, 새 중에서는 늑대가 제일 잘할듯. 일단 저 세 종족이랑 다 해본 명일상이 좀 부럽네. 엄청난 경험이었을듯."
82,2022-05-13 20:51,충무공이 문제여 원작자가 문제여ㅋㅋㅋㅋㅋㅋㅋㅋ날씨가 구절로 나오누
82,2022-05-11 09:18,아니.왜 10점이 아닌거지.?이런작화에????
82,2022-05-08 13:28,악당도 커플은 싫어하나봐?!
82,2022-05-04 03:37,"제발... 어린 아이한테 세상을 지키라며 인조 인간에 탑승 시킨다거나 요상한 옷이랑 지팡이 쥐여주고 마물들과 싸우게 한다거나 군대라면서 거인들을 죽이게 한다거나 다른 이세계에 보내서 늑대, 새, 벌레와 싸우게 하지 마... 그런 건 어른들한테 시키란 말이야... 어린 아이가 세상을 지키기 위해 그런 일 따위를 할 필요 없다고 그런 정도는 어른 스스로 하란 말이야 고작 열 일곱 살 아이한테 그런 거 시키지 마"
82,2022-05-02 04:58,죄송한데 그쪽은 질문의 재앙에 미남이 아니라... 노출남 노숙자 혹은 원시인 같이 보입니다. 죄송합니다. 
82,2022-04-28 15:50,.
82,2022-04-26 21:48,충'무공'님... '공무'를 봤었군요...
82,2022-04-24 09:08,카레노래 짬뽕빨게 짜장까메
82,2022-04-23 21:52,ㄱ그렇구나...장군님이 공무를 보셨구나...ㅠㅠㅠㅋㅋㅋㅋㅋㅋ큐ㅠㅠㅠㅠㅠ
82,2022-04-18 08:44,충무공ㅋㅋㅋㅋㅋㅋㅋ아ㅠㅠㅋㅋㅋㅋㅋㅋ
82,2022-04-14 22:52,가챠망겜....
82,2022-04-13 08:07,아하 소설볼땐 잊었었는데 얘 배후성이 양산형 제작자구나
82,2022-04-08 03:33,쟤 배후성 양산형제작자...?
82,2022-04-06 18:10,이건 아무런 이벤트 없이 통상의 유니크 영웅만 나오는 가챠는 잘만 나오다가 설날 이벤트나 추석 이벤트로 한정판으로 한복입은 유니크 영웅들이 리메이크되서 픽업으로 나올때만 안나오는 급의 가챠지옥...
82,2022-04-04 04:19,아닠ㅋㅋ질문의재왕이라길래....난또 여긴어디 난누구 ?하는애가나올줄알았는뎈ㅋㅋ 더 심오한친구넼ㅋㅋㅋ 근데 질문의재앙한테 질문계속하면 우째요..? 마치 미운5살아이처럼 왜요?라는질문을하는애기가 질문하면 저친구도 죽나...?
82,2022-04-02 23:20,물음표살인마
82,2022-03-31 16:15,명일상 서울역드루이드 박수호랑 비슷한 느낌이네
82,2022-03-29 23:41,앜ㅋㅋㅋㅋ 하필 무작위 소절이 일기야 ㅋㅋ
82,2022-03-26 20:49,아마 질문에재앙이  조기 부화? 해서 악할듯
82,2022-03-26 19:49,공무를 보았다ㅋㅋㅋㅋㅋㅋㅋ  장구운ㅋㅋ
82,2022-03-23 16:38,난중일기 갑분싸는 언제 나와도 웃김 ㅋㅋㅋㅋ
82,2022-03-23 16:35,몰아보기 위해 봉인해두었던 전독시를 못참고 열어버렸습니다😭헝헝 너무 재밌네요 
82,2022-03-21 23:39,충무공...야
82,2022-03-14 07:38,칼의 노래? 물의 호흡?ㅋㅋㅋㅋㅋㅋ
82,2022-03-13 21:43,명일상 약간 다이스의 그 이름은 기억 잘 안 나는데 왕?이나 쿠베라의 어린 비슈누 같이 생길 줄 알았는데 흡사 정글북 같은 데서 나오게 생겼네 ㅋㅋㅋ
82,2022-03-13 16:27,일상아 옆동네로 가야지 거기 용사 친구들 많은데 ㅋㅋ
82,2022-03-11 00:57,받아라!! 이것이 공무원의 참격이다!
82,2022-03-08 01:54,칼의노래 연출 쩔었다
82,2022-03-05 11:11,강한수가 지구에 능력치 그대로 돌아오면 저렇게 될듯 ㅋ
82,2022-02-27 18:50,왜 중요한 순간에 랜덤스킬을. .. ㅋ
82,2022-02-27 10:54,맑다라니..하필..
82,2022-02-23 07:47,명일상의 배후는 구글 입니다
82,2022-02-22 15:49,배후성이 양산형이넹?
82,2022-02-21 11:26,공무를...
82,2022-02-18 21:41,물음표 살인마냐고 ㅋㅌㅋㅋㅋ
82,2022-02-17 10:12,"저런,,.."
82,2022-02-17 00:06,전독시는 ㅋㅋㅋ빌런남캐들이 여캐들하는대사가 왤케 다 저급하냐 ???
82,2022-02-15 21:49,FFF급 관심용사 패러디..?
82,2022-02-09 19:15,아뫄 하필니면 공무를 보았닼ㅋㅋㅋㅋ
82,2022-02-06 15:29,우리집에도 4살짜리 질문의 재앙이 살고있습니다.. 살고싶어요 ㅠ
82,2022-02-06 00:50,중2병 맘에안드네 폐인같은 몰골로 찝적대 물소쉑!!
82,2022-02-04 03:34,충무고우ㅠㅠㅠㅠㅠㅠㅋㄱㅋㄱㅋㄱㅋㄱㅋㄱㅋㄱㅋ
82,2022-02-02 18:59,ㅋㅋㅋㅋ 충무공ㅋㅋㅋㅋ
82,2022-02-01 03:08,아니 여기서 폭팔에 늑대가 죽는건가? 놓친부분 찾는다고 몇번을 확인하는건지 
82,2022-01-30 08:43,사실 독자 정도면... 말빨로 질문의 재앙도 지 편으로 만들 수 있지 않았을까
82,2022-01-27 21:43,물음표살인마네ㅋㅋㅋㅋ
82,2022-01-26 11:15,💜❤💜❤💜❤💜❤💜
82,2022-01-23 20:36,"난중일기는 말그대로 일기라서몇월 몇일 맑음 오늘은 부하들이랑 술을 마셨다

이런식일수도있음"
82,2022-01-19 18:22,현재까지 주인공의 사이다 같은 장면이 많이 없어서 답답하네찔끔찔끔
82,2022-01-19 15:52,배후성이 양산형 제작자..ㅋㅋ
82,2022-01-19 03:33,총무공이라닠ㅋㅋㄱㄲ
82,2022-01-19 02:13,?
82,2022-01-18 23:00,충무공님 도데체 왜 그런걸 적은거냐고요ㅋㅋㅋㅋㅋ
82,2022-01-18 22:58,넌 고작 100년이냐ㅋㅋㅋㅋㅋ 유중혁은 몇회차더라 암튼 1500회차도 넘게 살았다ㅋㅋㅋ
82,2022-01-18 20:13,내용이 갈수록 산으로 가네..
82,2022-01-18 19:08,점점 개그만화가 ㅋㅋㅋ
82,2022-01-09 17:29,소설로 보다 참 소절 뜬금없다..망했구나 했는데
82,2022-01-07 18:19,81
82,2022-01-05 00:32,난중일기 읽어보면 저 내용 ㅈㄴ 많은데ㅋㅋㅋㅋㅋㅋㅋㅋ
82,2022-01-04 08:15,질문의제왕 소설로봤을땐 검은 미연시주인공머리에 초록 후드 입고있을거같이 생겼던디...
82,2022-01-01 02:37,...못 본 걸로 해 줄게 독자
82,2021-12-31 14:33,영원한 17살
82,2021-12-30 15:04,뭘 잘해?
82,2021-12-29 19:31,칼의 노래 작화 검은 붓 느낌으로 너무 멋지게 잘그렸다 
82,2021-12-29 16:39,신의탑 작가가 전투씬좀 보고 배웟으면
82,2021-12-29 14:09,소설로 몇화인가요?
82,2021-12-29 08:57,질문의 재앙 인간모습이길래 어린애처럼 왜? 왜? 왜? 이건 뭐야? 왜? 왜 안돼? 뭐야? 왜? 이러는 애인줄
82,2021-12-29 08:00,아니 막았나?사망플래그 ㅠㅠ
82,2021-12-29 03:40,배후성이 양산형 제작자였네
82,2021-12-28 18:46,아니ㅋㅋㅋㅋㅋㅋㅋㅋㅋ
82,2021-12-28 12:46,쓸모 없엌ㅋㅋㅋ
82,2021-12-28 07:58,길영이 보고싶다
82,2021-12-26 20:23,삑사리 한번 날줄 알았다
82,2021-12-25 23:16,근데 리카온 죽은거임?
82,2021-12-24 17:48,칼의노래 억까 오지넼ㅋㅋㅋㅋ
82,2021-12-24 03:33,삼척서천 산하동색 일휘소탕 혈염산하 (석자 칼로 하늘에 맹세하니 산하가 떨고 한번 휘둘러 쓸어버리니 피가 산하를 물들인다)
82,2021-12-23 09:12,총무공 ㅠㅠ
82,2021-12-22 22:55,잠깐... 왜 아무도 이질문을 안하는 거지?? 누가제일 잘하게? 뭘???
82,2021-12-22 22:03,충무공ㅋㅋㅋㅋㅋㅋㅋㅋㅋㅋ개너무해ㅋㅋㅋㅋㅋ
82,2021-12-22 21:10,웅?ㅋ
82,2021-12-22 19:14,쟤 말하는 거 왜 이리 웃기냐ㅋㅋㅋㅋㅋㅋ
82,2021-12-22 11:21,근데 저 귀환자 불쌍하긴하다 17세 고등학생인 평범한 사람이 어떤일로인해 다른차원으로 끌려가선 인간이라곤 자기혼자고..치킨도 못먹고 ㅠㅠ
82,2021-12-22 03:34,ㅋㅋㅋㅋㅋㅋㅋㅋㅋㅋㅋㅋㅋㅋㅋㅋㅋ28일 맑다. 공헌에 나가 공무를 보았다 ㅋㅋㅋㅋㅋㅋㅋㅋㅋㅋㅋㅋㅋㅋㅋㅋㅋㅋㅋㅋㅋㅋㅋㅋㅋㅋㅋㅋㅋㅋㅋㅋㅋㅋㅋㅋㅋㅋㅋㅋㅋㅋㅋ
82,2021-12-22 01:51,욕정을 수인들에게 푸는 OOO이구나. 사춘기 소년이 발정나면 아주 
82,2021-12-21 23:44,카레 노래
82,2021-12-21 20:54,소설 단행본 언제 어디서 얼마에 니오는지 아는사람 없나요
82,2021-12-21 20:52,아~ 충무공~~
82,2021-12-21 18:10,70만 745 관심수 축하드려요!!❤
82,2021-12-21 15:36,나만 용사가 돌아왔다 생각난거 아니냐?
82,2021-12-21 14:35,난중일기 진짜 맑다로 시작해서 동헌에 나가 공무를 보았다밖에 없음 ㅋㅋㅋ 간혹가다 흐렸다 세 글자나 식사를 했다 같은 사사로운 내용도 좀 있고 아니면 대부분이 공무를 보았다임.... 애초에 확률이 10퍼센트도 안 되는 가챠 ㅠ
82,2021-12-21 10:43,말이 질문의 재앙이지 그냥 질문충 아냐? 그리고 정보 보니 쟤 거의 영웅 아님 클래스가?
82,2021-12-20 22:07,ㅋㅋㅋㅋㅋ
82,2021-12-20 21:01,ㅊ...충무공님..? ㅋㅋㅋㅋㅋ
82,2021-12-20 07:30,여러분 오늘 전독시 종이 단행본이 나옵니다! 많관부💕💕
82,2021-12-20 00:22,명일상 완전 타잔인데?
82,2021-12-19 10:11,손치워가 질문에 답이냐... 시스템 ㄱ 억까네
82,2021-12-19 05:32,웹소설다읽고왔는데 돈이안아깝네요 ㅎㅎ다들 추천합니다
82,2021-12-18 23:07,나혼자만질질끔
82,2021-12-18 23:06,이번회차 최악이다
82,2021-12-18 22:56,오...0
82,2021-12-18 22:24,김독자가 진이유는 알몸이 아니여서
82,2021-12-18 10:44,걸려도 저딴걸..
82,2021-12-18 08:50,생각할수록 저 남자애 너무 불쌍함.. 
82,2021-12-18 08:08,배후가 양산형 제작사네
82,2021-12-18 01:29,전독시는 2022년 아크릴 스탠드 캘린더 안 내주시나요..? ㅠ나오면 바로 사고 싶은데
82,2021-12-18 01:05,오...0
82,2021-12-17 18:22,글고보니 충무공 입장에선 후손이 자기 일기 들춰보고 파워업하는거잖아ㅋㅋㅋㅋㅋㅋ
82,2021-12-17 16:41,읭???  해  ㅋㅋ
82,2021-12-17 16:21,저거 김독자가 '막았나'해서 깨웠네
82,2021-12-17 13:55,ㅋㅋㅋ명일상 저거 완전 집구석에서 애니랑 라노벨만 보는 사회성 뒤진 씹덕 오타쿠 일베충 아님?ㅋㅋㅋㅋㅋ일본만화로만 여자 접해가지고 현실여자도 애니같을거라는 망상+스스로의 찐따같음을 사회에대한 분노로 해소시켜버리는 암적인 존재ㅋㅋ
82,2021-12-17 13:40,나오란 유니크는 안뜨고 매직만 주구장창 뜨는 내 가챠같네ㅠ
82,2021-12-17 12:30,아 충무공 개웃기네 진짜
82,2021-12-17 10:43,충무공도 가끔은 쉬어주셔야지
82,2021-12-17 10:09,명일상 배후 뭔데 ㅋㅋㅋㅋㅋㅋㅋ 양산형 제작자ㅋㅋㅋㅋㅋ
82,2021-12-17 05:22,벗고 있는거 보니 남캐네
82,2021-12-17 01:52,칼의노래 연출 오졋다...하는 순간 ㅠ
82,2021-12-17 01:46,시작이다..
82,2021-12-17 00:20,칼의 노래 기술 흔적에서 칼의 노래 글자가 보이네요 ㅋㅋ
82,2021-12-17 00:11,앤티누스가 악역처럼 짧게 나오기는 했지만 앤티누스 입장에서 보면 다 죽이려고 하는 행동이 이해가 되서 슬프네요ㅠㅠ 게다가 작가님이 그림을 너무 잘 그려서 감정이입이 배로 드는 것 같아요
82,2021-12-16 22:46,그니까 물음표살인마라는거지?
82,2021-12-16 20:02,ㅇㄴㅋㅋㅋㅋㅋㅋ 명일상 배후성이 답정너야 ㅋㅋㅋㅋㅋ 개웃기누 ㅋㅋㅋㅋㅋㅋ 쿠큐ㅠㅠㅠ
82,2021-12-16 18:41,혹시 여기까지 내용이 소설로 몇화인가요??
82,2021-12-16 17:45,공헌이 아니라 동헌이라고 하네요 작가님 수정 부탁드립니다 
82,2021-12-16 16:48,난 어린 소년 모습일거라고 생각하면서 읽었는데 내가 잘못읽었네
82,2021-12-16 16:44,"이제 명일상이면,, 누가 나 쫌 완결까지 기절시켜줘"
82,2021-12-16 14:49,질.  문재앙
82,2021-12-16 13:18,아직 완결의 5분의 1도 못 왔구나.... 너무 일찍 알았다
82,2021-12-16 12:31,간지.. 났었던것....
82,2021-12-16 11:54,멋지게 날아서 추하게 추락했다
82,2021-12-16 11:45,왜 꼭 주인공들은 후환을 저리 프리하개 냅둬서 일을 결국 크게만들까... 스토리 전개상 그런거란건 알지만 패턴이 너무 식상하기도...
82,2021-12-16 11:37,상아가 자기 남친이  김독자라고 마음속으로 답하는거 커엽고 섹시하다
82,2021-12-16 10:03,백년? 풋
82,2021-12-16 09:56,비엘
82,2021-12-16 09:50,"칼의 노래, 짬뽕 빨개"
82,2021-12-16 08:56,헐 질문의 재앙 뭔가 나는 백발일줄 알았는데
82,2021-12-16 08:47,오늘 유상아 외모진짜 미쳤다. 완전 눈나 잖아
82,2021-12-16 08:32,뭐지 용사가 돌아왔다. 민수 전개랑 비슷한데? 민수도 이세계에서 지구 돌아왔는데 커플이 빡치게 해서 재앙이 됗지.
82,2021-12-16 08:21,아ㅋㅋ 이게 성흔이지
82,2021-12-16 01:28,헐 칼의 노래 연출 멋지네
82,2021-12-16 00:38,?엥?? 독자씨..?
82,2021-12-16 00:26,명일상 좀 더 어린애 이미지로 생각했었는데ㅋㅋㅋ 생각보다 건장하네
82,2021-12-16 00:08,하긴 100년동안 모쏠이였는데 커플보면 킹받지
82,2021-12-15 23:53,독자 신화급성좌되는건 몇년뒤에나올라나
82,2021-12-15 23:49,"노웨이홈 스포 주의하단 스포 있음!!!!









"
82,2021-12-15 22:56,쟤랑 대화하려면 동문서답 게임 해야되는거네
82,2021-12-15 22:45,커플천국 솔로지옥
82,2021-12-15 22:38,소설 정주행 끝..
82,2021-12-15 22:30,"숙모 메이 사망닥터 옥타비우스 아군 됨
3명의 스파이더맨이 빌런들 다 갱생시킴
모든 사람이 피터 파커의 존재를 잊어버림
닥스2에서 타락한 닥스 나옴
"
82,2021-12-15 22:17,"""해치웠나?""의 응용대사 : ""막았나?"""
82,2021-12-15 22:08,이거 쿠키 3개 아니였냐
82,2021-12-15 21:30,공무를봤다는게 왜 스킬 실패가 되는건지 모르겠네...
82,2021-12-15 21:26,재앙: 뭐하냐 ㅋㄱ걸 공격이라하냐
82,2021-12-15 21:19,설마 충무공 나오나?
82,2021-12-15 21:11,그 잔인하다는 물음표 살인마 등장이군
82,2021-12-15 20:50,오늘도 재밌게 잘봤습니다^^이제 다시 전지적 독자 시점 소설 봐야죠
82,2021-12-15 20:41,홀리씻
82,2021-12-15 20:17,아앜...  오늘의 일기카드가 뽑혔다 ㅋㅋㅋㅋㅋㅋㅋㅋㅋ갑자기 밥먹다가 뿜었어요 ㅋㅋㅋ
82,2021-12-15 20:12,오...0
82,2021-12-15 20:02,주위만 둘러봐도 평화롭지않은건 알텐데 참...
82,2021-12-15 20:01,흑화상아씨... 뭐이리 예쁨
82,2021-12-15 19:48,유상아 소적염포 피하는 무빙보소 ㄷㄷ
82,2021-12-15 19:33,가챠스킬의 폐해
82,2021-12-15 19:17,아 이장면을 보다닠ㅋㅋㅋㅋㅋ표정 진짜웃기다
82,2021-12-15 19:11,김독자 깐머리보고싶다 ㄹㅇ
82,2021-12-15 19:08,1600
82,2021-12-15 18:59,소설을 보나 웹툰을 보나 왜 목소리가 상상이 되는거지?ㅋㅋ
82,2021-12-15 18:51,아니 그냥 지멋대로 오해하면 질문 해결로 간주하고있네 ㅋㅋㅋㅋㅋ
82,2021-12-15 18:39,맑은 날 처박혀서 공무만 보는게 얼마나 무서운데!
82,2021-12-15 18:37,공무를 보았다....???:오 예스 무공.....이...아니네?
82,2021-12-15 18:28,근데 칼의 노래 쓰다 원균 욕나오면 쎄질까 약해질까?
82,2021-12-15 18:26,ㅋㅋㅋㅋㅋㅋㅋㅋㅋㅋㅋㅋㅋㅋㅋㅋ케
82,2021-12-15 18:25,어느 종족이 더 잘하냐는게 뭔소리인가요?
82,2021-12-15 18:10,ㅋㅋㅋㅋㅋㅋㅋㅋㅋㅋㅋㅋ 공무를 보셨대 독자야 어쩔 수 없다.. 확률이야 확률..ㅋㅋㅋㅋ
82,2021-12-15 18:07,마지막에 무슨일이 일어난거임?? 모르긋네...
82,2021-12-15 17:52,아이곸ㅋㅋㅋㅋㅋㅋ마쟈 일기에 소소한것도 많이 적으셨지
82,2021-12-15 17:48,일기 초장부분을 뽑았어ㅋㅋㅋㅋㅋ
82,2021-12-15 17:41,질문 한 100개 정도 풀리면 얼마나 강할까. 만약에 여러명이 한 질문을 대답하면 여러 질문으로 퉁쳐지는건가 아니겠지?
82,2021-12-15 17:39,난 질문의 재앙이라길래 진심 졸라 어린 재앙 탄생인가 했넼ㅋㅋㅋㅋㅋㅋㅋㅋㅋㅋㅋㅋㅋㅋㅋㅋㅋㅋㅋㅋㅋㅋㅋㅋㅋㅋㅋㅋㅋㅋㅋㅋㅋ
82,2021-12-15 17:37,꿀잼
82,2021-12-15 17:37,ㅋㅋㅋㅋㅋㅋㅋㅋㅋㅋ 양산형 제작자..마지막 때문에 임팩트가 식긴 했지만 칼의 노래에서 붓으로 그린 것 같은 표현에서 소름돋았다.. 역시 작가님들🙌
82,2021-12-15 17:34,아니 잠깐만요 작가님???
82,2021-12-15 16:51,카레노래 ㅋㅋㅋㅋ
82,2021-12-15 16:13,작가님 공헌이 아니라 동헌입니다.옛날 지방 원님. 수령님들이 업무할 때 쓰시던 건물이에요
82,2021-12-15 16:01,칼의 노래 작화 미쳐..!
82,2021-12-15 15:57,일단 커플 아니고 지가 못사귄거면서 왜 시비지(근데 왜 내눈에서는 눈물이)
82,2021-12-15 15:57,"스포주의유중혁 배후성 김독자
진짜루!!!
김독자나중에 신화급성좌될검"
82,2021-12-15 15:27,빨리독자 성좌되는거보고싶네 지루해
82,2021-12-15 15:15,벌레 웨어울프 조인족 이 세종족이 재앙을 이상한 눈으로 쳐다보고 어떤 종족이 제일잘하게요? 라고 물어보는거 보니까 걔네 한테 쳐맞은거도 쳐맞은건데 그쪽으로도 많이 당해진거같아서 불쌍하게 느껴지네..
82,2021-12-15 15:09,100년동안 사셨으면 누나아니지...
82,2021-12-15 15:02,질 문재앙
82,2021-12-15 14:59,잘봤습니다 
82,2021-12-15 14:00,댓글 페미니스트 좀 역겹....
82,2021-12-15 13:45,저런 얼빠진 표정 같은 게 소설과는 다른 웹툰의 재미지 ㅋㅋㅋㅋ 소설 다보고도 웹툰 보는 EU
82,2021-12-15 13:34,충무공의 트롤....ㅁㅊㅋㅋ
82,2021-12-15 13:26,칼의 노래 나올때 검에 먹이 감기는게 연출이 너무 좋아
82,2021-12-15 13:26,가챠실패!
82,2021-12-15 13:11,엌ㅋㅋㅋㅋㄱ
82,2021-12-15 13:06,이 타이밍에 충무공께서 트롤링을...
82,2021-12-15 12:56,남자가... 말대꾸!?
82,2021-12-15 12:54,소설도 이래요? 대답이아닌데도 대답으로 처리해버리네
82,2021-12-15 12:53,뭐야 명일상 존잘일줄알았는데 아니네
82,2021-12-15 12:47,진짜 묻지마 살인마네
82,2021-12-15 12:47,네 알려드렸습니다
82,2021-12-15 12:44,손 치워가 대답으로 인정이 돼..?
82,2021-12-15 12:30,결국 바람바람을 터득해서 봉인후 유유유가 막타 침
82,2021-12-15 12:30,김독자: OOO 운빨 망겜
82,2021-12-15 12:26,저 용사 배후성 용떳 작가 아님? ㅋㅋㅋ
82,2021-12-15 12:08,"흑염포에서 적염포로 바뀐 이유를 생각해봤는데, 심연의 흑염룡 성흔이 흑염이여서 겹치지 않으려고 그런게 아닐까요"
82,2021-12-15 11:59,지가 100년동안 뺑이친게 빡치면 도깨비나 조지던가 왜 보상심리를 여자한테 풀려고 성추행이야 손 찢어버릴라ㅋㅋㅋㅋㅋㅋ 상대방도 사람인데 보상품 쯤으로 여기는 남자 널렸지
82,2021-12-15 11:55,아니 쟤 성흔 답정너야ㅋㅋㅋㅋㅋㅋㅋㅋ
82,2021-12-15 11:50,민수야 반갑다 ㅋㅋ 일상이로 개명했구나 ㅋㅋㅋㅋ
82,2021-12-15 11:47,ㅋㅋㅋ
82,2021-12-15 11:46,앜ㅋㅋㅋ 충무공 거기서 꽝을 내놓으면어카요 ㅋㅋㅋㅋㅋ
82,2021-12-15 11:43,공무나 보라고 ㅋㅋㅋㅋㅋㅋㅋㅋ
82,2021-12-15 11:38,하
82,2021-12-15 11:33,너무짧은디??
82,2021-12-15 11:31,칼의 노래가 발동하지 않을때는 짬뽕빨개를 사용하면 됩니다
82,2021-12-15 11:20,다른 행성 멸망 시킨 휘귀자 라 다 좆되 보라고 그런거 구나 근데 어..... 그길엔 끝엔 모든 행성 다 파멸인데... 
82,2021-12-15 11:12,공무를 보았다 ㅋㅋㅋㅋㅋ 펜잡어 ㅋㅋㅋㅋㅋㅋ
82,2021-12-15 11:03,주입식교육안받았나 왜 이렇게 질문이 많아
82,2021-12-15 10:49,"'대가'라는 단어가 그런 뜻이 아닌데. 보복, 복수잖어. 작가Nom아. 멸망을 멸망으로 갚은 거 아녀? 책임, 대가, 응징, 심판 You got it?"
82,2021-12-15 10:45,지옥에서 연애로 제목 바꾸고 로맨스물 시작 여캐들 너무 예쁜거 아니냐고
82,2021-12-15 10:42,"질문의 대답을 해야 봉인이 풀린다는 설정에 대해 말인데, 무조건 정답이나 오답처럼 '답'을 해야 풀리는 것이 아니라질문에 대한 반응으로 본인(재앙)이 어느정도의 해답을 얻으면 봉인이 풀리는 것 같다. 유상아가 대답을 안하고 손 치우라고만 했는데 그로써 재앙이 그 나름대로의 해답을 얻은거지. 그래서 봉인이 풀린것 같다"
82,2021-12-15 10:41,막았나? ㅋ
82,2021-12-15 10:37,와... 상아씨 독자가 남친맞네! 하는 소리에 전혀 부정을 안하는거 보니까 마음이 있긴 있네 ㅋㅋㅋㅋ 비록 무릎베개는 삭제됐지만 독상 존버코인 풀매수한다
82,2021-12-15 10:27,스포합니다 아마도 유중혁 시끼랑 김독자랑 같이 재앙을 잡는다 에 한표건다 ㅋㅋ 내용이 너무 뻐내
82,2021-12-15 10:06,개웃곀ㅋㅋㅋㅋㅋㅋㅋㅋㅋ
82,2021-12-15 10:02,ㅇ일 (날씨) ...공무를 보았다.난중일기 실제로 읽어본 사람만 압니다. 가장많이 나오는 내용입니다.
82,2021-12-15 09:59,아니 그래서 셋중에 누가 제일 잘하는데?
82,2021-12-15 09:57,머야
82,2021-12-15 09:53,질문의재앙이라고해서 4살애기생각했는데
82,2021-12-15 09:39,아니 ....왜 ?? 당신이 대답을 하냐고 ㅋㅋㅋㅋ
82,2021-12-15 09:36,앜ㅋㅋㅋㅋㅋㅋㅋㅋㅋㅋㅋㅋ저게 무얔ㅋㅋㅋㅋㅋㅋㅋㅋ
82,2021-12-15 09:34,에라 ㅋㅋ
82,2021-12-15 09:23,? 마지막 뭐야 ㅋㅋㅋㅋ
82,2021-12-15 09:17,소절이 랜덤이라 이럴때 나온 구절이 공무를 보았다인거 너무 웃기곸ㅋㅋㅋ 이게 현실이지 현실은 중요한 타이밍이라고 딱 맞게 나오지 않는다고ㅋㅋㅋㅋ
82,2021-12-15 09:03,"""공헌에 나가다"" 라는게 대체 뭔 말이지 사전검색해도 안나오네"
82,2021-12-15 09:00,집중을 몬하네
82,2021-12-15 08:46,오...0
82,2021-12-15 08:44,막았나는 플래그라고 아ㅋㅋ
82,2021-12-15 08:43,와 소설의 표혁적 느낌의 재앙이랑 틀려..
82,2021-12-15 08:40,명일상 배후성 양산형 제작자ㅋㅋㅋㅋㅋㅋ
82,2021-12-15 08:31,와 예측불허ㅋㄲㅋ
82,2021-12-15 08:28,와 칼의 노래 부분에서 붓?먹?글자 흘리는 연출 미쳤네
82,2021-12-15 08:27,아니 칼의 노래 걍 운빨인게 너무 웃겨
82,2021-12-15 08:25,이걸 이렇게 때리넼ㅋㅋㅋㅋㅋ
82,2021-12-15 08:24,ㅋㅋㅋ충무공님 배신때리기ㅋㅋ
82,2021-12-15 08:15,이럴줄은 몰랐지ㅋㅋ
82,2021-12-15 08:14,소설엔 알몸이였어서 와 얘 깨어나면 검열 어떡해 했는데 적당히 잘 가리셨군요..
82,2021-12-15 08:08,경제의 재앙 경희의 아이
82,2021-12-15 08:06,명일상 배후성이 양산형 제작자..? 이건 빼박 '그 나라'지 ㅋㅋ
82,2021-12-15 08:01,앜ㅋㅋㅋㅋㅋㅋㅋ소설에선 그런가보다 했는데 웹툰으로 보니까 개웃기넼ㅋㅋㅋㅋㅋㅋㅋㅋ명일상 진짜 무섭다...
82,2021-12-15 08:00,아 그날은 공무봤다곸ㅋㅋㅋㅋㅋ
82,2021-12-15 07:57,질문의 재앙? 대한민국 청와대에도 이미 재앙하나 있는데...
82,2021-12-15 07:54,리카온은 왜쓰러져있는거임...?
82,2021-12-15 07:52,저정도면 옆동네 김현우 놀러온건데ㅋㅋㅋ
82,2021-12-15 07:45,아이고.....독자언닠ㅋㅋㅋㅋㅋ
82,2021-12-15 07:43,갑자기 왜 공무를 보냐고 ㅋㅋ
82,2021-12-15 07:40,와씨 칼의노래 연출 개멋있다 했는데 '날씨가 맑았다. 공무를 보았다'ㅋㅋㅋㅋㅋㅋㅋㅋㅋㅋㅋ그러고보면 난중일기 이런 구절 많았지.. 날이 흐렸다 화살 몇순을 쏘았다..
82,2021-12-15 07:40,질 문재앙ㄷㄷ
82,2021-12-15 07:32,그저 질 문재앙...
82,2021-12-15 07:32,물음표살인마
82,2021-12-15 07:22,방역을 너무 잘해서 질문이 없으신가요? 훠훠훠
82,2021-12-15 07:19,분량이.....너무 날로먹네
82,2021-12-15 07:03,아닠 그런 구절이라니...
82,2021-12-15 06:58,막았나?ㅋㅋ
82,2021-12-15 06:56,마지막 난중일기.....?
82,2021-12-15 06:53,칼의 노래?카레가 노랗지 그럼
82,2021-12-15 06:51,무료분 평점 왜이러죠??
82,2021-12-15 06:50,성흔이 답정넠ㅋㅋㅋㅋㅋㅋ
82,2021-12-15 06:45,명일상 마지막쯤엔 스타킹도 입고있네
82,2021-12-15 06:34,"신기하네 지구의 용사로서 클로노스의 괴물들을 상대로 싸워 클로노스를 멸망시켰지만 이제는 오히려 그 반대가 됐네 엔티누스가 왜 지구를 멸망시키려했는지 알겠다 자기 행성의 원수가 지구출신이니까
자기 행성을 멸망시킨 원수의 행성을 지켜라?"
82,2021-12-15 05:44,설정 쩐다 진짜 ㅎㅎ
82,2021-12-15 05:25,응? 하는게 겁나웃기네 ㅋㅋㅋㅋㅋㅋㅋㅋㅋㅋㅋㅋㅋㅋㅋ
82,2021-12-15 05:21,"잠깐만... 이러다가""여진과 잤다""
혹은
""흰머리를 뽑았다""
등등 나오면 어떻게해..?"
82,2021-12-15 04:49,한때 유행했던 물음표살인마 패러디 아닌가 싶네요. 
82,2021-12-15 04:40,가르마도 타른지로?
82,2021-12-15 04:36,"우리집에 15살, 13살 질문귀신들과회사에 55살 질문마왕 사이에도 버티는 내가 독자보다 더 센건가."
82,2021-12-15 04:24,질문의 재앙 배후성이 양산형제작자임?? 이건 몰랐네
82,2021-12-15 03:47,팩트)한국엔 문의 재앙이 돌아다닌다
82,2021-12-15 03:43,그 벌레랑 했다는거야....?
82,2021-12-15 02:58,중2병은 이래서 안돼 촉법반대
82,2021-12-15 02:53,버림 받았노 ㅋㅋㅋㅋ
82,2021-12-15 02:36,질문의 재앙 소년이래서 조금 더 어린 미소년느낌일줄 알았는데 ㅋㅋㅋㅋㅋㅋㅋㅋㅋ너무 정글을 누비다 오신 것 같다
82,2021-12-15 02:31,충무공...? 이런거야? 멱살잡히고 싶어요?
82,2021-12-15 02:24,상대가 약해지면 독자도 같이 약해지는 .. 공평하네요.. ^-^
82,2021-12-15 02:16,뭘 제일잘하는거야
82,2021-12-15 02:12,물음표살인마 나왔넼ㅋㅋㅋ 독자 표정이 이렇게까지 다양할 줄이야
82,2021-12-15 01:53,칼의노래카레가 노랗지그럼
82,2021-12-15 01:46,"나는 너희도 슬펐으면 좋겠어~~~~~~
쿠아앙~~~ - 용사가 돌아왔다

ㅎㅎ 전독시가 먼저였네요 ㅎㅎ

진짜 온갖 클리세는 다 깨부시고 있네요 ㅋㅋㅋㅋㅋ"
82,2021-12-15 01:36,원래 칼의노래는 전투보다 일상적 기록이 더 많다고 합니다 제대로 발동 안될 확률이 더 높겠죠? ㅋㅋ
82,2021-12-15 01:35,허무하게 끝나면 어떡해 ㅋㅋㅋㅋㅋㅋ
82,2021-12-15 01:33,그 재앙은 없나..? 디제스터 ㅁ..ㅜ...ㄴ을여시오!
82,2021-12-15 01:29,근데 명일상 유중혁 뺨치게 잘생겼다고 하지않았나..그럼 김독자는 유중혁뺨 열다섯대 치게 생긴거 아닌가...
82,2021-12-15 01:24,물음표살인마...
82,2021-12-15 01:16,zzzzzzzzzz겁나 멋진 연출이엿는데
82,2021-12-15 01:13,ㅠㅠㅋㅋㅋ
82,2021-12-15 01:10,"칼의 노래를 발동하였습니다에 나오는 칼질이 붓글씨 같이 나오는 이팩트 미쳤다,,,,,아니 그림작가님은 어떻게 저걸 저런식으로 구현하셨죠??진짜 천재 아닌가 "
82,2021-12-15 01:09,독자가 질문하려는 주변사람을 죽이고 대답하면 안된다고 입닫고 있으라고 했어야했는데 사람 죽이면 디버프생겨서 ㅜㅠ
82,2021-12-15 01:09,랜덤 스킬 칼의노래....
82,2021-12-15 01:07,이게 그 물음표살인만가 뭔가 그거냐?
82,2021-12-15 01:02,명일상 생각보다는 키크고 약간 성인스럽네 소설로 볼때는 소년소년할줄 알았는데 ㅋㅋㅋ
82,2021-12-15 01:01,"질""문""의 ""재앙"" ㅋㅋ"
82,2021-12-15 01:00,난중일기의 상당부분은 “공무를 보고 활을 쏘았다.”임 ㅋㅋㅋ
82,2021-12-15 01:00,"??: 칼의 노래????: 카레 노래?
!!!: 카레가 노랗지 그럼"
82,2021-12-15 00:58,넌 막았나를 왜치면 안됐어..
82,2021-12-15 00:58,화난 누나 너무 예쁜데
82,2021-12-15 00:58,"ㅋㅋㅋㅋㅋㅋㅋㅋㅋㅋㅋㅋ난중일기:말 그대로 전쟁중 이순신장군이 쓴 일기 그래서 정말 하루하루 겪은 일이 다 적혀있음ㅋㅋㅋㅋㅋㅋ오늘은 나와 이름이 같은 부하를 만났다. 전주 이씨란다.
오늘은 점괘가 나빠 좀 많이 쳤다.
원균 개색
주상전하 왜이럼"
82,2021-12-15 00:57,명일상 더작고 백발일줄알았는데 흑발이군...
82,2021-12-15 00:44,그래서 늑대랑 곤충이랑 새중에 누가 제일 잘함?
82,2021-12-15 00:43,성흔 저거 멘트보니까 허경영 아니냐?
82,2021-12-15 00:42,충무공 니가 왜 여기서 나와
82,2021-12-15 00:42,아니 왜 여기에 워윅이랑 카직스가 보이냐...나 이거 8화까지만 보다가 오랜만에 다시 보는데 이거부터 봐서 그런가...ㅋㅋㅋ 워윅이랑 카직스 잘싸운다~~근데 렝가였음 더 좋았는ㄷ..읍읍
82,2021-12-15 00:40,"아이고 하필 이럴때......근데 님들 저희학교에 난중일기 있음 ㄹㅈㄷ
제가 빌려서 읽어봤거든요?
은근 재밌어요 보다보면 빠져들게됨"
82,2021-12-15 00:39,칼의노래... 짬뽕빨개.....
82,2021-12-15 00:37,물음표 살인마 ㄷㄷ
82,2021-12-15 00:36,총무공이 뭐더라
82,2021-12-15 00:36,질문 대답도 안하고 그냥 손치웠는데 해결되었다고 하네 ㅋㅋㅋㅋㅋㅋㅋㅋㅋㅋㅋ 질문의재앙은 개뿔 그냥 답정너의재앙 이라고 해라 ㅋㅋㅋㅋㅋㅋㅋㅋ
82,2021-12-15 00:32,질문의 재앙앞에 대한민국 중2가 나선다...뭐래? 그래서?싫은데? 로 답해준다...-_-;;
82,2021-12-15 00:31,상아누나 흐콰 너무좋고
82,2021-12-15 00:31,"...질문의 재앙, 쟤 왠지 일본어로 말하고 있는 것일 거 같다;;;독자일행은 스킬 사용 중이고 우리
'화요일밤을 기다리는 눈'에게는 자동번역이 되고 있는 거고..."
82,2021-12-15 00:30,28일.맑다ㅋㅋㅋㅋㅋㅋㅋ하필 이게나오네
82,2021-12-15 00:30,순간 뭐지?하다가 힘을 안 빌려줘서 그렇다는걸 댓보고 알음 ㅋㅋㅋㅋㅋㅋㅋㅋㅋㅋㅋㅋㅋㅋㅋㅋㅋ독자 ㅋㅋㅋㅋㅋㅋㅋㅋㅋㅋㅋㅋ
82,2021-12-15 00:30,아니이 충무공씨...
82,2021-12-15 00:29,칼의 노래 카레노래
82,2021-12-15 00:27,내밑댓 좋아요누른놈들 봇임?
82,2021-12-15 00:24,용사가 돌아왔다!
82,2021-12-15 00:23,.
82,2021-12-15 00:20,ㅋㅋㅋㅋㅋㅋㅋㅋㅋㅋㅋㅋㅋㅋㅋㅋㅋㅋㅋㅋㅋㅋㅋㅋㅋㅋㅋㅋㅋㅋㅋㅋㅋㅋ공무를ㅠ 보셨군요ㅠㅋㅋㅋㅋㅋㅋㅋㅋㅋㅋㅋㅋㅋㅋㅋㅋㅋ
82,2021-12-15 00:19,용사가 옷을 안입고 있다 이건 위험해
82,2021-12-15 00:18,용사가 돌아왔다ㅋㅋㅋ
82,2021-12-15 00:18,질문의 재앙 그거잖아 빨간마스크!!
82,2021-12-15 00:17,빠악!
82,2021-12-15 00:16,이편 소설로는 몇편임?
82,2021-12-15 00:14,28일 맑다ㅋㅋㅋㅋㅋㅋㅋㅋㅋㅋ충무공한테 배신당했어ㅋㅋㅋㅋㅋㅋ
82,2021-12-15 00:14,혹시 질문에 재앙 모쏠??
82,2021-12-15 00:14,자세는 개멋있었는데 ㅋㅋㅋㅋㅋㅋㅋ
82,2021-12-15 00:13,자...잠깐...그래서 어떤 종족이 제일 잘하는데;; 말하다 마는 건 오바지
82,2021-12-15 00:11,질문의 재앙 그림으로 보니까 또 불쌍하기도 하고...킁
82,2021-12-15 00:09,질문의... 재앙? 문...재앙은 압니다만?
82,2021-12-15 00:04,눈나 나죽어
82,2021-12-15 00:04,충무공 그러기 있냐고 
82,2021-12-15 00:03,난 왜 일상이가 백발이라 생각했지
82,2021-12-15 00:03,이거먼내용이애여하나도이헤안감이거보다그냥신의탑이더잼있을듯
82,2021-12-15 00:02,정보: 난중일기의 내용 반은 저런 날씨 얘기다
82,2021-12-15 00:02,명일상 김남운이랑 비슷하게 생긴 타락 용사같은 이미지인줄 알았는데 원시인이였네
82,2021-12-15 00:01,100년전에 왜저런 교복임?
82,2021-12-14 23:57,질문의 재앙보다 문재앙이 더 무섭다...
82,2021-12-14 23:56,서울역 드루이드랑 평행세계로 이어지나
82,2021-12-14 23:56,대답하지말라고 하는게 아니라 말하지말라고 하지
82,2021-12-14 23:51,질문의 재앙 줄여서 문재앙이라 부릅시다
82,2021-12-14 23:51,공격 가챠 실퍀
82,2021-12-14 23:50,독자야 너는 어떤 모습이건 왤케 사랑스럽니?
82,2021-12-14 23:50,와 씨 뽑기 운도 더럽게 없네ㅋㅋㅋㅋㅋㅋㅋㅋㅋ
82,2021-12-14 23:45,명일상 진짜 인성 파탄났고 말 빡치게한다..
82,2021-12-14 23:45,아니 그래서 벌레 늑대 새 중에서 누가 제일 잘하냐고;;
82,2021-12-14 23:43,???: 애기는 어떻게 만들어져?
82,2021-12-14 23:42,용사 특성 등급이 무슨 용사냐...ㅋㅋㅋ 용사등급도 있나...쩝
82,2021-12-14 23:39,명일상 누구 닮았는데.. 미래소년 코난..? 정글북???
82,2021-12-14 23:39,ㅋㅋㅋㅋㅋㅋㅋㅋㅋㅋㅋㅋㅋㅋ
82,2021-12-14 23:37,'충무공 선넘네'
82,2021-12-14 23:37,와.. 전독시 읽으면서 질문의 재앙이미지를 잼민이라고 생각했는데 급식이었네
82,2021-12-14 23:37,명일상 배후성인 양산형 제작자란 갓세계물을 찍어내는것이겠죠?
82,2021-12-14 23:36,소흑염포 연출만 보면 스쳐도 사망인데ㅋㅋㅋㅋㅋ독자 걍 온돌마냥 넘기는거 어이없네
82,2021-12-14 23:35,칼의노래 스킬이 가장 좋더라ㅋㅋㅋ멋있기만한게 아니라 재밌네ㅋㅋㅋㅋ
82,2021-12-14 23:34,"아니ㅋㅋㅋ '손 치워'가 어떻게 대답이야ㅋㅋㅋ 그냥 질문에 대한 대답이 아니라, 말을 하지 말라는 거네ㅋㅋㅋ 진짜 성흔 그대로 '답은 정해져 있고 너는 대답만 하면 돼' 겁나 어울려ㅋㅋㅋㅋㅋ 질문상관없이 완전 답정너잖아"
82,2021-12-14 23:31,카레노래
82,2021-12-14 23:29,저 질문에 재앙이란놈은 첨부터 끝까지 닉값하면서 물음표로 끝나네
82,2021-12-14 23:29,답은 정해져있고 넌 대답만 하면 돼 7레벨ㅇㄴㄱㅋㄱㅋㄱ ㄱㅋㄱㄱㄱㄱㄱㅋㄱㄱㅋㄱㅋㄱㅋㄱㄱㅋ
82,2021-12-14 23:29,저 용사 성좌가 양산형 제작자임 ㅋㅋㅋㅋㅋ 결국 질문의 용사도 양산형 용사중 하나였단 것인가
82,2021-12-14 23:28,? 갑자기 무슨...
82,2021-12-14 23:28,질문에 재앙은 그냥 세스코였나봐 생각보다 약하데
82,2021-12-14 23:27,진짜 물음표살인마 네
82,2021-12-14 23:27,음 원래 소흑염포 아니였나? 바꼇나보넹
82,2021-12-14 23:27,아니뭔 알까니까 불다루는 원시인이나타나서 발가벗고 sss급 용사라냐
82,2021-12-14 23:25,.......맨 이세계 보냐면 용사야....이세계에선 저거 해충이라고 ㅋㅋ
82,2021-12-14 23:25,옆동네 귀환용사들도 세상을 멸망시키는중이지.
82,2021-12-14 23:24,충무공ㅋㅋㅋㅋㅋㅋㅋㅋㅋ
82,2021-12-14 23:23,봐 100년이 지나도 솔로잖아 내가 못만드는게 아니라니까?.(눈물)
82,2021-12-14 23:21,누더기 하나 걸친게 타잔같다 ㅋㅋ
82,2021-12-14 23:21,명일상이 진짜 이름이었다고 열심히 무시하고있었는데? ㅋㅋ... 귀엽게생겼는데 옷입히고 머리자르고 갱생시키면안되나여
82,2021-12-14 23:20,"하 칼의 노래카레 노래?
카레가 노랗지 그럼
이것만 생각나서 미치겠늠ㅜㅜ"
82,2021-12-14 23:20,질문의 재앙 '박찬호' 그에게 질문을 해선 절대 안된다...
82,2021-12-14 23:18,명일상이 유상아 볼 잡으면서 어? 보통은 이럴때 눈 내리깔고 얼굴 붉히지 않나? 하는거 개 웃기네 ㅋㅋㅋㅋㅋㅋㅋㅋ 너 웹툰 좀 본 녀석이구나?
82,2021-12-14 23:18,아 그래도 거적대기같은거는 하나 걸쳐줬네ㅋㅋ
82,2021-12-14 23:17,걍 남자에게 강한건가..?ㅋㅋㅋ
82,2021-12-14 23:17,가슴이 웅장해진다 두근
82,2021-12-14 23:16,질문의 재앙..? 그거 우리집에도 있는데...5살..
82,2021-12-14 23:16,ㅁㅊ
82,2021-12-14 23:15,아 ㅜ 공무를봤다
82,2021-12-14 23:14,유상아는 진짜 예쁜가봐 보는 사람마다 예쁘다 하네
82,2021-12-14 23:14,폼 잡아놓고 맞아주네 ㅠㅠ
82,2021-12-14 23:14,구절보자마자 육성으로 응? 했는데 주인공도 응? 해서 개웃김ㅋㅋ
82,2021-12-14 23:13,"아니 명일상 재앙이라기엔 너무 거지처럼 보인다ㅋㅋㅋ그래도 느낌은 있네
"
82,2021-12-14 23:13,"칼의노래 나올때 와!!!!!과연!!!!했는데...ㅋㅋㅋㅋㅋ
아ㅋㅋㅋ 개터짐ㅋㅋㅋ"
82,2021-12-14 23:13,아니 너 같으면 그상황에서 볼을 붉히겠냐고..;;ㅋㅋㅋ생각을 해봐라ㅋㅋㅋ
82,2021-12-14 23:11,아 지구출신이라 지구를 싫어했구나
82,2021-12-14 23:11,근데 벌레 늑대인간 새들 사이에서 100년을 버틴 거면... 좀 많이 블쌍한데
82,2021-12-14 23:11,장군도 공무원이지 ㅋㅋㅋㅋㅋㅋ
82,2021-12-14 23:09,명일상 보면서 궁금했던 점질문하는 걸 질문으로 대답하면 어떻게 될까?
82,2021-12-14 23:08,ㅋㅋㅋ 정말 맑았나 보군
82,2021-12-14 23:08,난중일기가 진짜 일기긴 했지 아 ㅋㅋㅋㅋㅋㅋㅋㅋㅋ
82,2021-12-14 23:07,충무공ㅋㅋㄱㅋㅋㅋㅋ 아 배신당했어ㅋㅋㅋㅋㄱㅋ
82,2021-12-14 23:07,아씹 여잔줄 기대했네
82,2021-12-14 23:07,ㅋㅎㅋㅎㅎㅋㅎㅋ 힘 안빌려줬다사실 추무공은 그러고 싶지 안 았을수도
82,2021-12-14 23:06,저기서 일기가 왜 나오냐고 ㅋㅋㅋㅋㅋㅋㅋㅋㅋㅋㅋㅋㅋㅋㅋㅋㅋㅋㅋㅋㅋㅋㅋㅋㅋㅋㅋㅋㅋㅋㅋㅋㅋㅋㅋㅋㅋㅋㅋㅋㅋㅋㅋㅋㅋㅋㅋㅋㅋㅋㅋㅋㅋㅋㅋㅋㅋㅋㅋㅋㅋㅋㅋㅋㅋㅋㅋㅋㅋㅋㅋㅋㅋㅋㅋㅋㅋㅋㅋㅋㅋㅋㅋㅋㅋㅋㅋㅋㅋㅋㅋㅋㅋㅋㅋㅋㅋㅋㅋㅋㅋㅋㅋㅋㅋㅋㅋㅋㅋㅋㅋㅋㅋㅋㅋㅋㅋㅋㅋㅋㅋㅋㅋㅋㅋㅋㅋㅋㅋㅋㅋㅋㅋㅋㅋㅋㅋㅋㅋㅋㅋㅋㅋㅋㅋㅋㅋㅋㅋㅋㅋㅋㅋㅋㅋㅋㅋㅋㅋㅋㅋㅋㅋㅋㅋㅋㅋㅋㅋㅋㅋㅋㅋㅋㅋㅋㅋㅋㅋㅋㅋㅋㅋㅋㅋㅋㅋㅋㅋㅋㅋㅋㅋㅋㅋㅋㅋㅋㅋㅋㅋㅋㅋㅋㅋㅋㅋㅋㅋㅋㅋㅋㅋㅋㅋㅋㅋㅋㅋㅋㅋㅋㅋㅋㅋㅋㅋㅋㅋㅋㅋㅋㅋㅋㅋㅋㅋㅋㅋㅋㅋㅋㅋㅋㅋㅋㅋㅋㅋㅋㅋㅋㅋㅋㅋㅋㅋㅋㅋㅋㅋㅋㅋㅋㅋㅋㅋㅋㅋㅋㅋㅋㅋㅋㅋㅋㅋㅋㅋㅋㅋㅋㅋㅋㅋㅋㅋㅋㅋㅋㅋㅋㅋㅋㅋㅋㅋㅋㅋㅋㅋㅋㅋㅋㅋㅋㅋㅋㅋㅋㅋㅋㅋㅋㅋㅋㅋㅋㅋㅋㅋㅋㅋㅋㅋㅋㅋㅋㅋㅋㅋㅋㅋㅋㅋㅋㅋㅋㅋㅋㅋㅋㅋㅋㅋㅋㅋㅋㅋㅋㅋㅋㅋㅋㅋㅋㅋ
82,2021-12-14 23:06,멋있게 갔는데 노래내용이 오늘 날씨.맑다.공무를 보았다가 왜 나오냐고 ㅋㅋㅋ 독자 민망하잖아ㅋㄱㅋ
82,2021-12-14 23:05,아아ㅏ유ㅠㅠㅠㅠ
82,2021-12-14 23:05,충무공 트롤하네 ㅋㅋㅋㅋㅋㅋ 
82,2021-12-14 23:04,아니 저 칼의 노래 발동하는 장면 개멋진데 묻혀버림ㅠㅠㅠㅠㅠㅠㅠㅠㅠ
82,2021-12-14 23:03,이런 개같은!!!
82,2021-12-14 23:03,[성좌 ‘해상전신’이 화신 ‘김독자’의 운에 감탄합니다.
82,2021-12-14 23:03,재밋당
82,2021-12-14 23:03,원작에서는 소흑염포 였던걸로 기억하는데 아쉽네요...ㅠ
82,2021-12-14 23:03,명1상이니 배후성은마스터이군
82,2021-12-14 23:00,김독자 표정ㅋㅋㄱㅈㅋㅋㅋ 귀여워ㅠㅜㅜㅜ
82,2021-12-14 23:00,ㅋㅋㅋㅋ 꽝 칼의 노래 처음 보는데 뭔 일기 같냐...
82,2021-12-14 22:59,여기서 짚고가는 역사 상식: 난중일기는 생각보다 평이하고 일상적인 내용이 많다. 시크릿 다이어리 박제당한 충무공께 묵념
82,2021-12-14 22:59,실제 난중일기에 절반이상이 저렇다는게 이렇게보니까 구진 스킬인데?
82,2021-12-14 22:59,물음표 빌런인줄ㅋㅎㅋㅎㅋ
82,2021-12-14 22:59,마지막에 짜게식네ㅋㅋㅋㅋ
82,2021-12-14 22:59,???:충무공.. 저를 배신하신건가요..?
82,2021-12-14 22:57,아이고 장군님...
82,2021-12-14 22:57,감사합니다 
82,2021-12-14 22:56,앤티누스 근데 진짜 슬프네. 자신의 세계가 멸망하고 그 슬픔은...내 아이들이라고 외칠때 정말 눈물 흘리는게 절절함
82,2021-12-14 22:54,ㅇㅇㅇㅇ
82,2021-12-14 22:54,개재밌네 하..
82,2021-12-14 09:29,고작 100년 가지고 생색내고 난리야
82,2021-12-09 12:40,와아아아아
82,2021-12-08 21:20,리카온 죽었네....ㅠㅠㅠㅠㅠㅠ 
82,2021-12-07 15:52,아닠ㅋㅋㅋㅋㅋ
82,2021-12-03 00:10,아닠ㅋㄱㅋㄱㅋㅋㅋㅋㅋㄱㅋ'칼의 노래 연출 짱 멋있다 하다갘ㅋㅋㅋㄱㅋ
82,2021-12-02 17:33,명일상 배후성이 양산형 제작자였어..?? 소설 다시 정주행해야겠다
82,2021-12-02 09:09,충무공 ㅋㅋㅋㅋㅋㅋㅋㅋㅋㅋㅋㅋㅋ
82,2021-11-28 12:09,"악역주제....
.
.
잘생겼네?"
82,2021-11-27 16:14,궁금한게 있는데 어떻게 백년이란 시간을 보낼수가 있나요...? 다른 차원의 세상에서는 시간이 다르게 흐르나요?
82,2021-11-26 19:58,서울역 드루이드냐 무슨ㅋㅋㅋ
82,2021-11-25 22:16,질문의재앙=옆동네 김민수네
82,2021-11-25 00:26,"칼의노래 개간진데 능력이 1,6이야..."
82,2021-11-24 14:40,충무공.. 그 또한 사람이였다..
82,2021-11-24 13:46,헤으응..  흑화상아눈냐...
82,2021-11-24 00:01,아니 그런 것까지 적어놓지 말라곸ㅋㅋㅋㅋ
82,2021-11-23 00:22,?
82,2021-11-21 20:57,난..... 장발이 아닌줄 알앗지..... 수영이처럼 검은색 옷 입고 잇을줄 알앗지 ㅋㅋㅅㅋㄱㅋㄱㅋㅋ 왜 맨몸 김독자에서 약간 진화된 모습으로 나온건데 ㅋㄱㅋㄱㅋㄱㅋㄱㅋㅋㅋㅋ 아 개웃겨 웹툰을내상상이이길수업어
82,2021-11-21 12:13,칼의노래 연출 미쳤다
82,2021-11-21 08:05,ㅋㅋㅋ하긴 난중일기가 매번 전쟁만 한건아니지 00일-를했다 어머니에게 서신을 보냈다 누가 다녀갔다 이런거니까 ㅋㅋㅋ 
82,2021-11-21 01:26,충무공한테 받은 칼의노래 이거 작화로 표현하니까 완전 느낌난다잉ㄷㄷ 소설로 볼 때는 한줄로 끝나서 그러려니 했는데.. 이맛에 전독시 본다
82,2021-11-20 12:56,충무공 기술 가챠였구나
82,2021-11-20 02:54,ㅋㅋㅋㅋㅋㅋㅋㅋㅋㅋㅋㅋ 날이 왜 맑아ㅠ
82,2021-11-20 01:08,뭔가 더 귀엽게 생겼을 줄 알았는데
82,2021-11-19 14:06,난중일기ㅋㅋㅋ
82,2021-11-19 12:47,ㅋㅋㅋㅋㅋㅋ
82,2021-11-18 19:43,아 쟤 배후성이 양산형 제작자였구나
82,2021-11-18 19:21,이펙트 너프해라 위력이랑 안맞음..ㅌㅋ
82,2021-11-18 06:53,그치 .. 일기니까 보통은 평범한 일상이 적혀있긴 허지..
82,2021-11-17 20:11,ㅋㅋㅋㅋㅋ 아니 충무공 씨 ㅋㅋㅋㅋㅋㅋ
82,2021-11-17 18:42,ㅋㅎㅋㅎㅋㅎㅋㅋㅋㅎㅋㅎㅋ개 멋있었는데 결과는 똥폼ㅋㅋ;;
82,2021-11-17 11:03,업적달성 : 한국인으로써 최초로 충무공을 욕합니다.
82,2021-11-16 23:41,화내는 유상아씨도..
82,2021-11-16 16:54,근데 소설 읽을 때도 인지 못했는데 벌레여왕은 명일상 때문에 지구 멸망시키려고 멸망시켜줄 재앙을 부화시킨 건데 거기서 명일상이 나오는 건 의도하지 못한 건가?
82,2021-11-16 16:52,뭐지 왜 유상아 얼굴이 버프된것 같냐
82,2021-11-16 16:45,나 피 흘리는 남자 좋아했네.....
82,2021-11-15 20:36,중요한 순간에 공무라니ㅋㅋㅋ
82,2021-11-15 14:34,ㅋㅋㄱㅋㅋㅋㅋㅋㅋㅋㅋㅋ
82,2021-11-14 17:22,이미 명일상 배후성 나왔는데 스포라니;;
82,2021-11-14 15:40,ㅋㅋㅋㅋㅋㅋㅋㅋㅋㅋㅋㅋㅋㅋㅋㅋㅋㅋㅋㅋㅋㅋㅋㅋㅋㅋㅋㅋㅋㅋㅋㅋ
82,2021-11-14 06:39,응..?
82,2021-11-14 03:07,이거 다음 소설로 몇화인지 아시는분 ㅠㅜㅜㅜ
82,2021-11-13 02:18,"아니..충무공이 왜 거기서 나와...?ㅋㅋㅋㅋㅋ
아니 일기는 왜 내뱉는뎈ㅋㅋㅋ"
82,2021-11-13 01:27,ㄱㅋㄱㅋㄱㅋㄱㄱㅋㄱㅋㄱㅋㅋㅋㅅㅋㄱㅋㄱㅋㄱㄱㅋㄱㅋㄱㅋㅋㅋㄱㅋㄱㅋㅋㅋㅋㄱㄱㅋㄱㅋㄱㅋㄱㅋㄱㅋㅋㅋㅋㄱㅋㄱㅋㄱㅋㄱㅋㄱㄱㅋㄱㅋㄱㅋㄱㅋㄱㅋㄱㄱㅋㄱㅋㄱㅋㄱㅋㄱㅋㄱㄱㅋㅋㅋㄱㄱㅋㅋ
82,2021-11-12 22:18,잠깐....작가님 나중에 칼의 노래 맑다 구절이 독자가 ■■■쓸때 딱 구름 걷히는거 나오면....
82,2021-11-12 21:26,질문재앙 사실 더 어릴줄 알았음... 초등학생정도 
82,2021-11-12 20:08,이놈의 답글 시스템은 도대체 왜 만든거야. 다른 웹툰은 몰라도 이렇게 원작이 이미 나온 웹툰에선 배댓 탑승해서 스포하기만 좋네
82,2021-11-12 18:21,저 귀환자라는 애 배후성이 양산형 재작자인데..?
82,2021-11-12 15:14,ㅋ
82,2021-11-12 14:57,공무충....
82,2021-11-12 14:50,그냥 업무인 줄 알았는데 곤장치는 날이네 ㅋㅋㅋㅋㅋ
82,2021-11-12 14:49,"명일상 말고 화요일의 용사가 나왔어도 존잼이었을 것 같은데...
""그래 슬퍼해. 나만 슬프면 이상하잖아. 난 구원받아야 되잖아"""
82,2021-11-12 13:29,무슨 종족이 제일 잘하냐고 물어보는건 성관계 말하는건가?
82,2021-11-12 10:33,충무공:지못미..
82,2021-11-12 08:22,다음편주세요
82,2021-11-12 06:47,원작충들은 나가 뒤졌으면
82,2021-11-12 05:59,충무공 하필 그구절을..
82,2021-11-12 05:58,성흔이 답정너...?
82,2021-11-12 04:18,아 미친 쟤 깨어났네ㅜㅜㅜ
82,2021-11-11 22:42,"충무공 중요한 때에 ""28일. 맑다. 공헌에 나가 공무를 보았다""라니 ㅋㅋㅋㅋㅋㅋㅋㅋㅋ"
82,2021-11-11 22:32,"진짜 궁금한점1. 독자엄마한테도 반말까는 무조건 반말설정 한수영이 무림 초월좌들이랑 대화하는 내용이 원작에 나오는데 그냥 설명하듯이 나옴. 만화로는 반말할지, 존대할지
2. 유중혁 거신화가 기어서드와 차별을 어떻게 둘지.."
82,2021-11-11 21:03,유상아언니 사랑해요!!💖💖
82,2021-11-11 20:58,독자 칼의 노래 당황한 표정 개웃겨ㅋㅋㅋㅋㅋ
82,2021-11-11 20:18,어머어머어머 물음표살인마 배후성이 우리 할아버지셨다니....다 까먹고 있었네ㅠㅠㅠㅠ역시 정주행을 해야겠어
82,2021-11-11 20:13,운빨이 이번엔 망이군
82,2021-11-11 19:20,sss급 재능은 한명 적용인데 유상아가 먼저 먹어서 적용이 안되서 약해진거 아닐까??
82,2021-11-11 19:03,어이..충무공 이건 얘기랑 다르자나
82,2021-11-11 17:22,ㅋㅋㅋㅋㅋㅋㅋㅋㅋ
82,2021-11-11 16:57,"28일. 맑다.동헌에 나가 공무를 봤다. 각 고을의 벼슬아치와 색리 등이 인사하러왔다. 방답의 병선을 맡은 군관들과 색리들이 병선을 수리하지 않았기 때문에 곤장을 쳤다. 우후 가수 도 역시 점검하지 않아 이 지경에까지 된 것이니 해괴하기 짝이 없다. 공무를 어줍짢게 여기고, 제 몸만 지키려 하며 이와 같이 돌보지 않으니, 앞 날의 일을 알만하다.
성밑에 사는 토병 박몽세는 석수인데 선생원 돌 뜨는 곳에 가서 이웃의 개에게까지 해를 입혔다. 곤장 여든 대를 쳤다.

짜쟌~ 흐흐 오타발견!"
82,2021-11-11 16:52,새로운 플레그다 막았나?=못막음
82,2021-11-11 16:36,소설원작인데 전개 느리다는 잼민이는 없겠지?
82,2021-11-11 14:48,오우 깡한쑤!
82,2021-11-11 02:39,난 좀 키작고 어리고 사탕물고 모자쓰고 조끼 입은 아이로 생각했는데 워낙 유치해서
82,2021-11-11 02:39,소설 87화 
82,2021-11-11 02:32,막았나? 하니깐 당연히 봉인 풀리지...
82,2021-11-11 01:41,ㅋㅋㅋㅋㅋㅋㅋㅋㅋㅋㅋㅋㅋㅋㅋㅋㅋㅋㅋ왜 타잔이 여기있어? ㅋㅋㅋㅋㅋㅋㅋㅋㅋㅋ그래서 질문의재앙은 어딨죠?
82,2021-11-11 01:04,모여이게 ㅠ 넘 짧아
82,2021-11-11 00:50,레진처럼 댓글 막아라 그냥 ㅋㅋㅋ 추잡하다 ㄹㅇ
82,2021-11-11 00:32,아 진짜 너무재밌는데..  담주까지 어케기다리냐고 ㅜㅜ
82,2021-11-11 00:22,첫 어나더레벨보스몹 등장
82,2021-11-11 00:13,아니 하필 저기섴ㅋㅋㅋㅋㅋㅋ
82,2021-11-10 23:49,항상감사합니다
82,2021-11-10 23:19,ㅋㅋㅋㅋㅋ....아이고 독자야...내가 다 부끄럽다..
82,2021-11-10 23:16,내가 이 웹툰에서 가장 마음에 드는 점중하나는 원작 재현 말고도 엑스트라나 스토리상 악역 혹은 발암캐릭터일지라도 대놓고 나쁜 얼굴로 그리지 않고 나름 공을 들인다는 부분임. ㅠㅠ 전독시 만세.
82,2021-11-10 22:36,아니 충무공 힘 안줄 때 표정 개웃기넼ㅋㅋㅋㅋ 하필 그 멋있는 부분에서 끊어버리냨ㅋㅋ
82,2021-11-10 22:35,내 기억상 누가 트롤을 했었는데? 이상하다? 다음환가?
82,2021-11-10 22:34,크흡 .... 일주일에 하나는 너무 .... 작아
82,2021-11-10 21:52,두번째 질문은 왜 풀린거죠?
82,2021-11-10 21:08,질문재앙
82,2021-11-10 21:07,ㅋㅋㅋㅋ 이순신 장군님..?ㅋㅋㅋ
82,2021-11-10 21:01,총무공님 ㅋㅋㅋㅋㅋㅋㅋㅋㅋㅋㅋㅋ
82,2021-11-10 20:51,리카온 질문의 재앙 뜨니까 감쪽같이 사라졌네 ㄱㅋㅋ
82,2021-11-10 20:45,28일이 맑다 보자마자 김독자 28이라고 생각했을 등
82,2021-11-10 20:44,아닠 이거 뭐얔
82,2021-11-10 20:40,소설 몇화임?
82,2021-11-10 20:30,아니 ㅋㅋㅋㅋㅋㅋㅋㅋㅋㅋ
82,2021-11-10 19:59,세상 멋지게 덤벼서 세상 초라하게 날아가나...
82,2021-11-10 19:56,누가 제일 잘 하게요가 포인트야 요녀석들아
82,2021-11-10 19:19,뭔가 허무하다
82,2021-11-10 19:10,이순신 장군도  사람인데 일기에 '날씨맑음. 오늘은 별일 없었음.'  쓸수도 있지 ㅋㅋㅋㅋ
82,2021-11-10 18:52,28일. 맑다. 공헌에 나가 업무를 보았닼ㅋㅋㅋㅋ
82,2021-11-10 18:33,ㅋㅋㅋㅋㅋ 김새네 ㅋㅋㅋ일기아님? ㅋㅋ
82,2021-11-10 18:28,진정한 물음표살인마네
82,2021-11-10 18:28,ㅋㅋㅋㅋㅋㅋㅋㅋㅋㅋㅋㅋㅋ표정 너무귀여운데 ㅋㅋㅋㅋㅋㅋㅋㅋㅋㅋㅋㅋㅋ
82,2021-11-10 18:19,하 진짜 이렇게 재밌어도 되는거냐...? ㅠㅠ
82,2021-11-10 18:07,음? 걔 무슨 외투 하나 입지 않았나?
82,2021-11-10 18:06,가챠실패ㅋㅋ
82,2021-11-10 18:04,바지는 입고있네 다행이다
82,2021-11-10 17:55,충무공새키야........왜 능력 못쓰게하냐
82,2021-11-10 17:38,짧다
82,2021-11-10 17:36,ㅋㅋㅋㅋㅋㅋㅋㅋㅋㅋㅋㅋㅋㅌㅋㅋㅋㅋㅋㅋㅋㅋㅋㅋㅋㄴㅋㅋ 귀엽다 울 독자
82,2021-11-10 17:30,성흔이 답은 정해져 있고 너는 대답만 하면 돼 ㅋㅋㅋㅋㅋㅋㅋ
82,2021-11-10 17:10,근데.. 칼의 노래는 랜덤으로 깃든다고 알고 있는데 그게 사실은 충무공이 정해서 힘 빌려주는 거임?? 난 베댓 말 해석하면 그렇게 들리는데
82,2021-11-10 17:07,검의 용사 귀환 안하나
82,2021-11-10 16:44,언럭키 민수 ㅋㅋㅋㅋㅋㅋㅋㅋㅋㅋㅋㅋ
82,2021-11-10 16:39,"저놈에게 세상아련한얼굴로 ""사랑의 멋짐을 모르는 당신이 불쌍해요..!"" 이런대사 날려주면 ㄹㅇ 제대로 흑화할거같음"
82,2021-11-10 16:28,명일상 배후성이 양산형 제작자던데 양산형답게 sss가 붙어있는 스킬 많이 달고다니네요ㅋㅋ
82,2021-11-10 16:27,양산형 제작자... 한마디로 중국?
82,2021-11-10 15:58,쟤 고3때 재앙된거면 질문의 재앙 인정한다
82,2021-11-10 15:47,다음 이야기는 소설로 몇화부터 보면 될까요?
82,2021-11-10 15:28,ㅋㅋㅋㅋㅋㅋㅋㅋㅋㅋㅋㅋㅋㅋㅋㅋㅋㅋㅋㅋ
82,2021-11-10 15:07,가끔 이럴 때도 있지...
82,2021-11-10 14:47,칼의노래는 랜덤이자너ㅋㅋㅋㅋ
82,2021-11-10 14:19,배후성이 양산형 제작자ㅋㅋㅋㅋㅋㅋㅋㅋㅋㅋㅋㅋㅋㅋㅋㅋ이거 왜이리 웃기냐
82,2021-11-10 13:49,실제로 난중일기를 보면 저렇게 짧게 쓰인 날의 일기가 많아요. 전투에 관한 일기는 그닥 많지 않음.
82,2021-11-10 13:46,블루팀 : 아 탑마이..  또 혼자 들어가네.. 카직스 마이 둘다 리폿좀 ㅡㅡ
82,2021-11-10 13:42,명일상이 한국인이라서 충무공이 힘을 안빌려주는거같은데 어찌저찌해도 한민족이니까
82,2021-11-10 13:24,질문에 대해 아무말이나 하면 봉인 해제라고? ㄷ ㄷ 그냥 막 뱉어! 맞지만 말고
82,2021-11-10 12:38,난 질문이 추상적인 뜻인 줄 알았지ㅋㅋㅋㅋㅋㅋㅋㅋㅋㅋㅋ... 진짜 질문하길래 팍식음
82,2021-11-10 12:36,아이고.. 장군님 ㅋㅋㅋㅋㅋㅋㅋㅋㅋㅋㅋ
82,2021-11-10 12:34,옆집의 용사가 돌아왔다에서도 용사가 흑화되어졌지.....
82,2021-11-10 12:28,재미 없다
82,2021-11-10 12:27,충무공님 ㅋㅋㅋㅋㅋㅋ
82,2021-11-10 12:26,그래서 어떤 종족이 제일 잘하는데...
82,2021-11-10 12:03,리카온죽은거 아니지...?
82,2021-11-10 11:57,김독자 독자면서 막았나? 같은 질문하니깐 못막았지!!
82,2021-11-10 11:54,문제를 내는 재앙이라니 여윽시 ㄷㄷ하네요
82,2021-11-10 11:23,28일.맑다. 드르륵 탁... 28일.맑다. 드르륵 탁... 28일.맑다. 드르륵 탁... 28일.맑다. 드르륵 탁... 28일.맑다. 드르륵 탁... 28일.맑다. 드르륵 탁... 28일.맑다. 드르륵 탁... 28일.맑다. 드르륵 탁... 28일.맑다. 드르륵 탁... 28일.맑다. 드르륵 탁... 28일.맑다. 드르륵 탁... 28일.맑다. 드르륵 탁... 28일.맑다. 드르륵 탁... 28일.맑다. 드르륵 탁... 28일.맑다. 드르륵 탁... 28일.맑다. 드르륵 탁... 28일.맑다. 드르륵 탁... 28일.맑다. 드르륵 탁... 28일.맑다. 드르륵 탁... 28일.맑다. 드르륵 탁... 28일.맑다. 드르륵 탁... 28일.맑다. 드르륵 탁... 28일.맑다. 드르륵 탁탁...
82,2021-11-10 11:17,근데 배후성이 '양산형 제작자'면 양산형 제작자가 용사로 보낸 건가?????
82,2021-11-10 10:58,충무공ㅠㅋㅋㅋㅋㅋㅋㅋㅋㅋㅋㅋ
82,2021-11-10 10:55,그냥 적염포가 아니라 '소'적염포라 그런거 아님..??
82,2021-11-10 10:39,배후성 지식인 ㅁㅊㅋㅋㅋㅋ댓글 웃기다
82,2021-11-10 10:38,질문하라 근성장이 올것이다
82,2021-11-10 10:32,오닛...?ㅋㅋㅋㅋ소흑염포가 내 예상과 다르게 겁나 세다...!! 오진다...
82,2021-11-10 10:29,세 종족이 진짜 뭘 잘하는데...?
82,2021-11-10 10:28,헛...ㅋㅋㅋㅋ질문의 재앙이 어..의외로 키가 큰데...?ㅋㅋㅋㅋㅋㅋ나는 그 영희와 철수의 철수처럼 되게 동글동글하고 귀엽게 생겼을 줄 아랐징...ㅋㅋㅋㅋㅋㅋㅋㅋㅋㅋ
82,2021-11-10 10:17,아 댓글보고 이해했네..  충무공이 힘 안빌려주는 맥락이였군요
82,2021-11-10 10:15,도깨비 페널티 처리하는 거 ㅈㄴ 웃기네 ㅋㅋㅋㅋㅋㅋㅋㅋㅋㅋㅋㅋㅋㅋㅋㅋㅋㅋㅋ
82,2021-11-10 10:15,유상아 진짜진짜 예쁘다
82,2021-11-10 09:47,아 마지막에 ㅋㅋㅋㅋㅋㅋ
82,2021-11-10 09:47,질 문재앙
82,2021-11-10 09:45,ㅋㅋㅋㅋㅋㅋㅋㅋ
82,2021-11-10 09:28,이번화내용 :질문의재앙이 깨어났다.. 끝..
82,2021-11-10 09:21,ㅋㅋㅋㅋㅋㅋㅋ 엔키누스가 보호자역할안하고 가서 명일상이 보호자역할된거아냐? 아니겠지? 재앙이긴하니까?
82,2021-11-10 09:17,하필 소절이ㅋㅋㅋㅋㅋ
82,2021-11-10 09:04,아니 근데 웃긴거랑 별개로 전부터 생각한거지만 칼의 노래 연출 진짜 너무 좋다.. 먹이 휘날리며 칼에 감기는 고런 연출 너무 좋늠
82,2021-11-10 08:57,같은 편되면 열라 최강 되는건가?
82,2021-11-10 08:51,분량ㅡㅡ
82,2021-11-10 08:35,설마 옛날에 쓰던 목도리 지금은 빤스로 쓰고 있는거야..?
82,2021-11-10 08:32,아 ㅋㅋ 커플은 지금봐도 빡치는데 100년만에 본 사람이 커플이면 빡칠만하지 ㅋㅋ
82,2021-11-10 08:24,소설에서는 화신이 아니라 헌터인디..
82,2021-11-10 08:19,"┊ ┊ ┊ ┊┊ ┊ ┊ ✯
┊ ┊ ★
┊ ✯
★"
82,2021-11-10 08:09,책갈피를 책갈피좀 써라;; 
82,2021-11-10 08:09,"질문의 재앙:여친 어떻게 생겨요?김독자:ㅠㅠ
질문의 재앙:질문해서 죄성합니다.....
"
82,2021-11-10 08:08,앤티누스 우는 거... 벌레 주제에 왤케 짠한 거냐고ㅠ
82,2021-11-10 08:07,충...충무공???
82,2021-11-10 08:03,ㅋㅋㅋㅋㅋㅋㅋㅋ 충무공
82,2021-11-10 08:00,오늘도 잘봤습니다!! 흑염포가 적염포로 바껴서 한동안 어리둥절했네요 ㅋㅋ
82,2021-11-10 07:56,나무위키만 있으면 세계 정복 할 듯 ㄷㄷ
82,2021-11-10 07:54,하찮아졌잖아 ㅋㅋㅋㅋㅋㅋ
82,2021-11-10 07:36,이거 독자가 막았나? 해서 못막은거잔아
82,2021-11-10 07:35,... 원작에선 나체로 나오는뎅 ㅎ
82,2021-11-10 07:32,난중일기 읽으면 중간 중간에 휴일이라고 쉰다고 적은거 겁나 많다고 ㅋㅋㅋㅋㅋㅋ
82,2021-11-10 07:25,표정보니까 이거 나오네 어?...이게아니니데
82,2021-11-10 07:22,"독자는 갸챠하면 안되겠다.,.,.ㅋㅋㅋㅋㅋ"
82,2021-11-10 07:19,"질문의 재앙 그래도 가려줬네.,..,.....소설에서는 완전 알몸입니다.,..ㅋㅋㅋㅋㅋㅋㅋㅋㅋㅋㅋ"
82,2021-11-10 07:17,"김독자는 모쏠이어야한다., 암암 커플은 용납못해"
82,2021-11-10 07:10,질문의 재앙은 4살짜리 악마들이지...이건뭐야? 왜에? 왜그러는거야? 왜 그렇게 해야하는거야? 어우
82,2021-11-10 07:05,ㅋㅋㅋㅋㅋㅋㅋㅋ아이고 독자야
82,2021-11-10 07:05,"그렇다, 김독자의 가차력은 대단했다."
82,2021-11-10 07:04,"근데 길잡이는 재앙에 대항하지 못하는 부분은 알고 있긴 한데, 그럼 리카온은 운석 부서진 폭풍 이후에는 뭐하고 있는거려나.."
82,2021-11-10 06:26,"신종플래그 







































막았나?"
82,2021-11-10 05:39,유상아 개 이쁘다
82,2021-11-10 04:13,유상아 존예다
82,2021-11-10 03:50,흑염포아니었음?
82,2021-11-10 03:02,ㅋㅋ 양산이형 나왔당
82,2021-11-10 03:01,충무공 대답을 했다 질문의재앙 레벨업 띠링!
82,2021-11-10 02:50,근데 왜 용사로 갔는데 세상을 멸망시켜? 용사 시켜준다하고 재앙으로 취직시켰나?
82,2021-11-10 02:35,아놔 폼 다 잡았는데 이게 무슨ㅠㅠㅠㅠㅠㅋㅋㅋㅋㅋㅋ
82,2021-11-10 02:33,갑자기 든 생각인데 명일상도 짠해 이세계에 끌려가서 백년넘게 힘들게 곤충늑대등 죽이고 돌아왔는데ㅜㅜ오자마자 죽어야하네
82,2021-11-10 02:21,진짜 이 웹툰 다 좋은데 원작충들 주접 떠는 거 좀 적당히 했으면 싶다 플롯 내용이나 추리 댓글 같은 건 거의 한 개도 없고 그냥 매 편마다 장면이랑 캐릭터 비주얼만 빨아대니 이게 웹툰인지 그냥 원작 소설 팬서비스용 컨텐츠인지 분간이 안가네 니들도 같은 독자니까 엥간하면 이해를 하는데 적당히 좀 하자 제발
82,2021-11-10 02:13,역시 사람이 100년을 참는건 불가능한가....아무리 그래도 충간에 수간을.....
82,2021-11-10 02:04,왜 잉? 하고 맞은 건지 모르겠는데 설명해 줄 친절한 분 없나요 ㅠㅠ
82,2021-11-10 02:03,? 귀환자하테 보급되는 그 코트는 어디감????소설엔 일상이도 입었다던데
82,2021-11-10 01:59,한주 어떻게 기다리냐.
82,2021-11-10 01:58,개그찍냐고ㅋㅋㅋㅋㅋㅋㅋㅋㅋㅋㅋㅋㅋㅋㅋㅋㅋㅋㅋㅋㅋㅋㅋㅋㅋㅋㅋㅋㅋ
82,2021-11-10 01:57,소설로 볼때는 질문의 재앙 초딩정도로 생각했었는데 17살이네..?ㅋㅋㄱㄱㅋㅋㅋ
82,2021-11-10 01:51,칼의노래 스킬쓰는거 개멋잇다
82,2021-11-10 01:41,앰 처 뒤진 스포댓글 고소좀
82,2021-11-10 01:39,어..??? 명일상 배후성이 양산형 제작자였어???????
82,2021-11-10 01:37,명일상:뭐야 검강이잖아?아저씨 혹시 무림인이야? 어떻게 벌써 검강을 써? 미친거 아냐?
82,2021-11-10 01:36,물음표 살인마
82,2021-11-10 01:33,내가 생각한 명일상은 머리 짧고 다크써클 오지게 난 꼬맹이생각했는데 생각보다 크네..? 요즘 애들은 빠르다니깐
82,2021-11-10 01:33,아아 충무공 ㅋㅋ 
82,2021-11-10 01:25,아니.. 죽일듯이 하더니... 이게 뭐얔ㅋㅋㅋ
82,2021-11-10 01:25,와 칼의 노래 뭔데 임펙트 보소
82,2021-11-10 01:24,충무공ㅠ ㅠㅠㅠㅠㅠㅠㅠ아 미침
82,2021-11-10 01:21,나 진짜 항상 생각하는건데 소설 후반부 표현 어떻게 하실까..?초반부터 이정도로 하시는데
82,2021-11-10 01:20,우와...ㅁㅊ 진짜 섬세하다 질문 2개 하니까 몸에 근육붙었네..
82,2021-11-10 01:17,아..ㅋㅎㅋㅋㅋ 앜ㅋ큐ㅜㅜㅜㅠ 독자 폼 다 잡아놨는데...
82,2021-11-10 01:14,와 명일상 끽해봐야 중2병 걸린 중딩처럼 나올 줄 알았는데 뭔야 저 발육상태... 키 왤캐 커
82,2021-11-10 01:11,너무 짧은데..?
82,2021-11-10 01:08,저거 칼의 노래만 제대로 뽑혔어도 여기서 막을 수 있는거 아님? ㄹㅇ 보나마나 여기서 시간 끌려서 겁나 쎄지겠지..
82,2021-11-10 01:07,전혀 쓸모없는 구절ㅋㅋㅋㅋㅋㅋㅋㅋ
82,2021-11-10 01:06,스타스트림 확률은 확실한거 맞나요 여기도 확률 주작같은거 있는거 아니겠지
82,2021-11-10 01:05,ㅇㄴ 무슨 가챠냐 저것도 운빨로 나오나봐ㅜㅠㅠㅜ
82,2021-11-10 01:04,명일상 : 쟤 누구야? 남친이야?김독자 : 나는 유중혁이다
82,2021-11-10 01:01,운빨×망겜
82,2021-11-10 01:01,아 여캐인줄 알았잖....
82,2021-11-10 00:58,그래서 조인 늑대인간 벌레들 중에 누가 젤 잘하는 거냐
82,2021-11-10 00:58,와 명일상 이런 느낌 이었어? 소설에선 아니었고 약간 지능인 느낌은 있었는데 이젠완전 싸이코 같네
82,2021-11-10 00:58,팔 치워 => 질문해결은 뭔데?
82,2021-11-10 00:57,랜덤 패시브도 안 따라주는 우리 독자....
82,2021-11-10 00:54,랜덤가챠가 뭐 그렇지..
82,2021-11-10 00:54,ㅋㅋㅋㅋ김독자 표정이 ㄹㅇ이네 ㅋㅋㅋ
82,2021-11-10 00:53,칼의노래 완전 이펙트 멋지길래 기대했더니ㅋㅋㅋㅋㅋㅋ 우리 날씨는 안맑은데
82,2021-11-10 00:53,"범람의재앙, 이계의신격-척준경 에피소드 ㅈㄴ 기대되면 개추 ㅋㅋ"
82,2021-11-10 00:53,이해가 안되네;; 질문의 재앙이 클로노스를 멸망하게 했으면 엔티누스가 질문의 재앙한테 복수하려고 해야 맞는거 아님? 질문의 재앙의 부활을 오히려 막고 봉인석 없애버려야 그게 복수인데ㅋㅋ 왜 무슨 질문의 재앙을 깨워서 지구를 멸망하려고 하는지 노이해; 전개가 좀 이상해 만화라지만
82,2021-11-10 00:52,저게 진짜 물음표 살인마?
82,2021-11-10 00:50,어 명일상 내 생각이란 너무 다름 당황
82,2021-11-10 00:49,오늘 작화 너무 좋네요 항상 감사합니다.
82,2021-11-10 00:47,하.. 곧 유승이 나온다ㅠㅠㅠ
82,2021-11-10 00:46,인정 막 서예 필기체로 검 감싸는거 취저...
82,2021-11-10 00:45,칼의 노래 쓸때 그림 진짜 예술 같이 그림
82,2021-11-10 00:44,나는 명일상 약간 초딩 느낌일줄 알았는데 다 큰 성인이네
82,2021-11-10 00:43,유상아 표정 찡그릴 때 너무 예뻐..
82,2021-11-10 00:41,뭐야 왜 적염포됨?
82,2021-11-10 00:41,여러분 눈치 채셨나요? 질문하고 나서 팔다리에 문양이 생겼습니다.
82,2021-11-10 00:41,ㅋㅋㅋㅋㅋㅋㅋㅋㅋ
82,2021-11-10 00:41,저 마지막 충무공 독백 내용은...그냥 ' 나 일나갔다 ' 입니다
82,2021-11-10 00:36,세 종족중 누가 제일 잘하는지 아냐고 묻는게 내가 생각하는 그거면... 저 이세계 멸망시킨애가 거기서 정상적으로 했을거같진 않고 강제로 했을텐데... 개 곤충 새 셋모두랑 그런거면 확실히 정상은 아니네...
82,2021-11-10 00:34,아니ㅜㅠㅠㅋㅋㅋㅋㅋㅋㅋㅋㅋㅋㅋㅋㅋ아ㅋㅋㅋㅋㅋㅋㅋㅋㅋㅋㅋ
82,2021-11-10 00:32,팬티만 입은 명일상 vs 팬티만 안입은 김도쨔...
82,2021-11-10 00:32,소설에서 생각한거랑 매우 다르네타잔일줄은 몰랐지
82,2021-11-10 00:32,ㅋㅋㅋㅋㅋ칼의 노래 스킬 쓰는거 완전 간지났는데 하필이면 내용이ㅋㅋㅋ
82,2021-11-10 00:29,충무공 ㅋㅋㅋㅋㅋㅋㅋㅋㅋㅋㅋㅋ 너무하네
82,2021-11-10 00:29,으 김독자 지대아파보임ㅠ
82,2021-11-10 00:29,찡그린 유상아는 오늘도 예뻣다
82,2021-11-10 00:29,아니 대답 하지 말라는데 왜 대답해... 고백하고 거절당한것도 대답한거나 마찬가진데...
82,2021-11-10 00:26,셋 중에 누가 제일 잘 하는지 아냐고 묻는건 내가 생각하는 그거 맞는건가;;
82,2021-11-10 00:26,그다음 소설로 몇화죠....ㅠㅠ
82,2021-11-10 00:23,근데 쟤는 왜 이세계멸망시키고 와서 지구도 멸망시키려는거임? 시나리오때문임? 쟤한테 무슨 이득이 있어서 그러는거임
82,2021-11-10 00:23,독자치고 갑자기 쎄보이는 연출+칼의노래 랜덤뽑기 보자마자 좋댔다는 생각들더니 너무 불쌍하게 실패해버리네 ㅋㅋㅋㅋㅋㅋㅋㅋ
82,2021-11-10 00:20,명일상 죄다 SSS급인거... 재능 없는 독자 울겠다ㅋㅋ
82,2021-11-10 00:20,쟤 옆집에 탑에 갇힌놈 같네
82,2021-11-10 00:17,질문의 재앙....눈처럼 흰 피부에 금발이라고 생각했는데
82,2021-11-10 00:17,저기서 날씨 나올줄 몰랐다 ㅋㅋㅋㅋㅋㅋ
82,2021-11-10 00:15,ㅋㅋㅋㅋ 명일상 보고 지식인 생각난거 나만 있는거 아니었네 ㅋㅋㅋ 
82,2021-11-10 00:15,아니 손치워가 대답으로 치는건 아니지 않냐..ㅋㅋ
82,2021-11-10 00:14,꽝이었습니다.
82,2021-11-10 00:14,마력 한번에 25에서 60으로 올리네 ㅋㅋㅋ
82,2021-11-10 00:14,저것도 어록이눜
82,2021-11-10 00:13,명일상 더 어리고 중학생같은 모습일줄 알았는데 너무 걍 야만인이잔아 ㅋㅋㅋㅋ
82,2021-11-10 00:12,ㅋㅋㅋ 충무공이면 이순신 장군이자너 ㅋㅋㅋㄱ 이렇게 딜교하네 ㅋㅋㄲㄱㅋㅋ
82,2021-11-10 00:10,독자도 '재앙'막기 실패했구나 우리는 4년이 흘렀는데 매일매일이 '한번도 경험해보지 못한'일들 투성이야
82,2021-11-10 00:10,칼의 노래 이펙트 존나 멋있는데 충무공ㅋㅋㅋ
82,2021-11-10 00:08,"질문의 재앙:여친 어떻게 생겨요?김독자.ㅠㅠ
질문의 재앙:질문해서 죄송합니다....."
82,2021-11-10 00:08,아 미치겠다 ㅋㅋㅋㅋㅋ 충무공 ㅋㅋㅋㅋㅋㅋ
82,2021-11-10 00:07,tmi:명일상이 김독자랑 유상아 보고 희희낙락했다는데 상아씨는 몰라도 김도쨔는 28살 모쏠이다...
82,2021-11-10 00:06,??? : 저랑 딱지치기 한판 하시겠습니까?
82,2021-11-10 00:05,소설이야기좀 그만했으면 좋겠네 
82,2021-11-10 00:04,애효...
82,2021-11-10 00:04,엥 난 그냥 완전 작은 10살짜리 피부 하얀 웨이브 백발 꼬마로 상상했는데... 개크고 그냥 야만인이네...?
82,2021-11-10 00:04,아니 잠깐만요 장군님 뭐가 이상해요
82,2021-11-10 00:04,누가 스포좀 해줘
82,2021-11-10 00:02,또 어떤 멋진 글귀가 나올까 했는데 ㅋㅋㅋㅋㅋ
82,2021-11-10 00:01,충무공이 그 충무공이랑 다른 뜻인가?
82,2021-11-10 00:01,흐음 여기 스포 살짝있네 짐승 새 벌래 그럼 다음은 벌래가 나올 순서군
82,2021-11-10 00:01,개웃기네 깔깔
82,2021-11-10 00:00,일깈ㅋㅋㅋㅋㅋㅋㅋㅋㅋ
82,2021-11-09 23:59,[심연의 흑염룡이 화신 명일상의 흑염룡을 물끄러미 바라봅니다] 이거 안나오나ㅋㅋㅋ
82,2021-11-09 23:59,명1상의 배후성은 양산형제작자
82,2021-11-09 23:58,독자 마지막에 표정잌ㅋㅋㅋㅋ 너무 웃겨서 앞내용 다 까먹음ㅋㅋㅋㅋㅋㅋㅋㅋ
82,2021-11-09 23:56,아니 시팔 느닷없이 ㄱ같이 끝내네?작가야 감 잃었냐? 레바님보다 감 잃었네
82,2021-11-09 23:55,일상아....10년동안 멸살법만 읽었던 과거 독자의 일상을 보면 그런말 못할거야...우리 독자 이래봬도 28년 모쏠이라구....
82,2021-11-09 23:54,감사합니다 감사합니다 감사합니다 감사합니다 감사합니다 감사합니다 감사합니다 감사합니다 감사합니다 감사합니다 감사합니다 감사합니다 감사합니다 감사합니다 감사합니다 감사합니다 감사합니다 감사합니다 감사합니다 감사합니다 감사합니다 감사합니다 감사합니다 감사합니다 감사합니다 감사합니다 
82,2021-11-09 23:54,이번대선 매운맛재앙vs멍청한재앙이던데울나라좀 클리어해줘 ㅠ
82,2021-11-09 23:54,아니 충무공 어째서 ㅠㅠ
82,2021-11-09 23:53,옆집 누구는 귀환하고 강서구 소멸시켰는데 넌 왜 빤쮸만 입고있냐 너도 변신가능하겠지?
82,2021-11-09 23:52,옆집은 비키니 검열하더니 여기는 남자 다벗고나오네 ㅋㅋㅋㅋ
82,2021-11-09 23:52,와 칼의노래 이팩트 너무 맘에 드네요
82,2021-11-09 23:51,그저 28일이 맑았다 이말이야
82,2021-11-09 23:51,남운이랑 비슷한 거 같은데..
82,2021-11-09 23:47,진짜 물음표 살인마야????? 재앙 이름이 직관적인 편
82,2021-11-09 23:47,ㅋㅋㅋㅋㅋㅋㅋㅋㅋㅋㅋㅋㅋㅋㅋㅋㅋ28일. 맑다. ㅋㅋㅋㅋㅋㅋㅋㅋㅋㅋㅋㅋㅋㅋㅋㅋㅋ그런ㅜㅜ그런거까지 적어뒀내곸ㅋㅋㅋㅋㅋ
82,2021-11-09 23:44,가챠겜
82,2021-11-09 23:42,흑염포 인데 이름 바뀌었네
82,2021-11-09 23:41,그래서 누가 젤 잘하는데 말 좀 해달라고;;
82,2021-11-09 23:41,칼의노래 먹물 번지는 연출 넘 좋다
82,2021-11-09 23:39,아니...유상아가 저리 치워라고 대답한게 왜 대답입니까?걍 동문서답 아녀? 답하기만 하면 되는거였나?
82,2021-11-09 23:38,뭘 잘하냐고 물어보는거 내가 아는 그거 맞지??
82,2021-11-09 23:37,공무의 힘!....은 없었다
82,2021-11-09 23:37,아니 상아씨 알파력 뭐임 으르렁 거리는 표정 넘 조아서 이마 빡빡 때리는 중
82,2021-11-09 23:37,"아 ㅋㅋㅋㅋㅋㅋㅋㅋ너무 하찮잖앜ㅋㅋㅋ쿠ㅜㅠㅠㅜㅜ쿸ㅋㅋㅋㅋㅋㅋㅋ
근데 귀여워…"
82,2021-11-09 23:37,ㅋㅋㅋㅋㅋㅋㅋㅋㅋㅋㅋㅋㄹㅋㄹㅋㄹㅋㄹㅋㄹㅋㄹㅋㄹㅋㄹㅋㄹㅋㄹㅋㄹㅋㄹㅋ 충무공 센스
82,2021-11-09 23:36,겁나쌔보이지만 충무공의 연출실력으로 급하락된 파워
82,2021-11-09 23:35,충무공 역시 웹툰을 알아보네ㅋㅋ
82,2021-11-09 23:35,명왕섬 배후성 중국인가..?
82,2021-11-09 23:35,옷은 제대로 입었을 줄 알았는데 이건 웬 마법사의 아들 코리...
82,2021-11-09 23:34,옆동네도 그렇고 왜 이세계를 갖다오면 다 저럴까
82,2021-11-09 23:32,갑분싸
82,2021-11-09 23:32,아 너무 깬다 ㅋㅋㅋㅋㅋㅋ
82,2021-11-09 23:31,그럼 공무는 중요하지 암
82,2021-11-09 23:30,28일 맑다. 그렇다 ㅋㅋㅋㅋㅋㅋㅋ 아니 다음화의 충무공 머쓱타는 댓글 있겠네 ㅋㅋㅋㅋㅋ
82,2021-11-09 23:30,공무집행 방해죄로 구속질문의 재앙 클리어
82,2021-11-09 23:30,그 늑대는 죽은건교??
82,2021-11-09 23:29,그래도 하반신은 가렸구나 다행이다...
82,2021-11-09 23:29,ㅜ웋긴다
82,2021-11-09 23:28,중간에서 와...미친다...이랫는데 독자야..ㅋㅋㅋㅋㅋㅋㅋㅋㅋㅋㅋㅋㅋㅋㅋ
82,2021-11-09 23:27,오늘 유상아 너무 예쁜데..?? 
82,2021-11-09 23:27,?? 용사가 돌아왔다?
82,2021-11-09 23:26,머야 적염포??? 흑염포가 아니라?????
82,2021-11-09 23:26,와 명일상 진짜 오래간만이다
82,2021-11-09 23:25,이순신 장군님이 일기를 얼마나 쓰셨눈데 ㅠㅠㅠㅠ거기에 3분의2는 그냥 평범한 내용이라고 ㅠㅠㅠㅠㅠㅠ
82,2021-11-09 23:25,아니ㅋㅋㅋ 괜히 용사라고 선택받아서 다른세계멸망시키고 돌아왔는데 100년동안 갇혀있으면 사람이 어떻게 되겠냐고
82,2021-11-09 23:25,독잨ㅋㅋㅋㅋㅋㅋㅋㅋㅋㅋㅋㅋ
82,2021-11-09 23:24,아 진짜 충무공 ㅋㅋㅋㅋ
82,2021-11-09 23:24,꽝이요!
82,2021-11-09 23:24,멍일상보다 유상아가 더 잘생겼다.. 
82,2021-11-09 23:24,질문의 용사? 옆집가서 검의 용사좀 어떻게 해봐
82,2021-11-09 23:24,너는 이게 평화로워 보이냐
82,2021-11-09 23:24,질문의 재앙 보고 나만 물음표 살인마가 생각나는건가..?ㅋㅌㅋㅋ
82,2021-11-09 23:24,ㅋㅋㅋㅋㅋㅋㅋㅋㅋㅋㅋㅋㅋㅋㅋㅋㅋㅋㅋㅋㅋㅋㅋㅋㅋㅋㅋㅋㅋㅋㅋㅋㅋㅋㅋㅋㅋㅋㅋㅋㅋㅋ그저 날씨가 좋았었던 28일ㅋㅋㅋㅋㅋㅋㅋㅋㅋ
82,2021-11-09 23:23,아진짜 나 미쳐 김독자 사랑해 하 내가 주접을 더 떨고 싶은데 여기서 더 하면 진짜 고삐가 풀려버려 아진짜 김독자 사랑해 하아아아 너 이자식 개귀여워 짜릿해
82,2021-11-09 23:23,아니 연출 대박이었는데 충무공 ㅋㅋㅋㅋ 이렇게 산통을 깨버리시는 거냐구요 ㅋㅋㅋㅋ
82,2021-11-09 23:23,FFF급 관심용사?..
82,2021-11-09 23:23,우리엘 빨리 보고싶다
82,2021-11-09 23:23,???:너는 나보다 덜 불행해
82,2021-11-09 23:23,sss급이라............ 혹시 그 노란색행성 출신인가?
82,2021-11-09 23:22,"ㅋㅋㅋㅋㅋ
ㅋㅋ
ㅋㅋ
아놔아아 ㅋㅋㅋ"
82,2021-11-09 23:22,이 자식 예쁜건 또 알아가지고
82,2021-11-09 23:22,폼 다 잡아놨더니ㅋㅋㅋㅋ
82,2021-11-09 23:21,생각보다 안 아픈데 라고 하는 장면..하 진짜 미쳐 김독자 사랑해
82,2021-11-09 23:21,소설에선 흑염포였는데 적염포로 바뀌었네왜바뀐거지?
82,2021-11-09 23:21,이래서 벌레는 한번에 죽여야돼...
82,2021-11-09 23:21,ㅋㅋㅋㅋㅋㅋ캬... 명일상까지 나왔어..... 슬슬 재밌어진다
82,2021-11-09 23:21,오늘도 상아는 이쁩니다ㅎ
82,2021-11-09 23:21,"독자야 ""막았나?""라고 말해버리면 어떡해"
82,2021-11-09 23:20,한수영 아바타 착장 다 다른 거 귀엽다 ㅋㅋ 하나는 반팔 하나는 두건... 진짜 귀여워 죽겠네 ㅠㅠ
82,2021-11-09 23:20,???: 무공이 형 갑자기 왜 그래
82,2021-11-09 23:20,우리 충무공 예능을아시네? ㅋㅋㅋ
82,2021-11-09 23:20,어허! 그 손 때라잉
82,2021-11-09 23:20,바로 걷어맞네 우리 독자 ㅋㅋㅋㅋㅋ
82,2021-11-09 23:20,"""막았나?""를 외쳐서 부활한거임 ㅋㅋ"
82,2021-11-09 23:19,독자한테 너무한거 아닌가요 충무공님?
82,2021-11-09 23:19,명1상 가죽팬티...ㄷㄷ
82,2021-11-09 23:19,ㅋㅋㅋㅋㅋㅋㅋㅋㅋㄱㄱㅋㅋㅋㅋㄱㄱ
82,2021-11-09 23:19,오늘은 독자가 처 맞는 날 이구나..
82,2021-11-09 23:18,앜ㅋㅋㅋㅋㅋㅋㅋㅋㅋㅋ아 웃기면 안되는데 웃겨ㅋㅋㅋㅋㅋㅋㅋㅋㅋㅋㅋㅋㅋㅋ
82,2021-11-09 23:18,일단 예쁘면 다 누나임 ㅋㅋㅋㅋ
82,2021-11-09 23:18,IGO
82,2021-11-09 23:18,명일상 배후성이 저 성좌였구나 ㅇㅎ 
82,2021-11-09 23:18,와.. 웹툰때문에 소설 정주행하고 왔습니다..  진짜 뒷이야기 엄청기대되네요ㅠㅠ 빨리보고싶당ㅠㅠ
82,2021-11-09 23:17,이번편 김독자 계속 진지하게 잘 싸우다가 중간에 뵤잉 표정 되는 거 미치겠다ㅋㅋㅋㅋㅋㅋㅋㅋㅋ
82,2021-11-09 23:16,작가님 엑스트라 귀엽게 그리지 말라고요 하..명일상 눈꼬리 동그랗고 교복 입고 진짜? 이러면서 눈 초롱초롱 빛내는거 진짜 나 미쳐.. 개귀엽다 진심 하 작가님 사람 못생기게 그리는법 모르냐고요ㅠㅠㅠㅠ 저러면 제가 악역한테 정을 주게 되잖아요 아 진짜 명일상 졸귀
82,2021-11-09 23:16,아니 소설 볼 땐 몰랐는데 독자 표정을 이렇게 다채롭게 표현해주시면... 저까지 창피하잖아여
82,2021-11-09 23:16,빤스만 입고 있는 용사 vs 거적대기 입고 빤스없이 다녔던 독자
82,2021-11-09 23:16,그럼 바람의길 배우면 쟤 패널티 없어도 잡는다는거임?
82,2021-11-09 23:16,역시 시스템의 세계야 스킬마저 확률이라니..독자야 너도 운이 참
82,2021-11-09 23:16,개웃기네 ㅋㅋㅋㅋㅋ표정보소
82,2021-11-09 23:15,한낮의 밀회 중혁이 대사에 느낌표붙는거 좀 귀여움 큰일낫다
82,2021-11-09 23:15,날이 좋아서..날이 좋지 않아서..날이 적당해서... [성좌 '잘생긴 도깨비 공유'가 모습을 드러냅니다.]
82,2021-11-09 23:15,K가챠... 역시 한국이 맞나 보군요
82,2021-11-09 23:15,ㅋㅋㅋㅋㅋ 독자 표정 너무 웃겨
82,2021-11-09 23:14,그나저나 김독자 화려하게 퇴장하는거 ㄹㅈㄷ네ㅋㅋㅋㅋㅋㅋㅋㅋㅋ
82,2021-11-09 23:14,"아니 빤스만 입고 다니는건 초보자 사냥터 애들이나 그런건데 용사가 빤스라니....
아... 원래 벗으면 벗을수록 방어력이 올라가서 저러는 건가요???"
82,2021-11-09 23:14,명일상 자신이 생각한거랑 다르다 개추
82,2021-11-09 23:14,답정너엔 넌씨눈으로 대응해야 하는데
82,2021-11-09 23:14,명일상 처음에 이세카이 갔을 때 진짜 말랑콩떡 댕댕이 같았는데...... 아효 증말 이세카이 짜식들이 문제야 문제
82,2021-11-09 23:14,"성흔 [답은 정해져 있고, 넌 대답만 하면 돼]걍 답정너잖앜ㅋㅋㅋㅋㅋㅋㅋㅋㅋ
그럼 명일상이 말하고 거기애 대답만 하면 질문이 해결되는건가??


개사기아냐?"
82,2021-11-09 23:13,오늘따라 독자 왜이렇게 개그캐임ㅋㅋㅋㅋㅋㅋㅋㅋ
82,2021-11-09 23:13,아ㅠㅋㅋㅋㅋㅋㅋㅋㅋ 칼의노래ㅋㅋㅋㅋㅋㅋㅋㅋㅋㅋㅋㅋㅋㅋㅋㅋㅋㅋㅋㅋㅋㅋㅋㅋㅋㅋㅋㅋㅋㅋㅋㅋ
82,2021-11-09 23:13,책펼쳐서 사람 없는 페이지 나왔네
82,2021-11-09 23:13,오늘따라 더 짧은 것 같지 ?
82,2021-11-09 23:13,독자야 너 삶의 장르는 리얼리즘도 판타지도 아닌 개그물인것 같다.....
82,2021-11-09 23:13,님들아 걱정ㄴㄴ 독자형만 믿으면 알아서 재앙막아줄거임 ㅇㅇ..(아마두..?)
82,2021-11-09 23:13,일상아..밥은 먹고 다니냐...
82,2021-11-09 23:12,근데 좀 허무하긴 했어도 독자 뛰어오르면서 칼의 노래 붓 글씨 연출이 ㄷㄷ 진짜 연출 좋다..
82,2021-11-09 23:12,알몸 위 거적 (성유물급)세상에서 가장 튼튼한 전체이용가로 이루어진 물질이며 절대 찢어지지 않는 편안함을 보여준다
82,2021-11-09 23:12,와 소설로 볼때 상상하던 것보다 더 추레하지만 더 세보여서 좋다
82,2021-11-09 23:12,ㅋㅋㅋㅋㅋㅋ 총무공님ㅋㅋㅋㅋㅋ 왜 안 도와줰ㅋㅋㅋ
82,2021-11-09 23:12,이번화 웃기라고 만든거네 ㅋㅋㅋㅋ
82,2021-11-09 23:12,"명일상 이자식,, 너 이세계에서 용사 되어서 하렘 만들고 싶었냐?"
82,2021-11-09 23:11,그리고 그에게 주어지는 망신 목걸이
82,2021-11-09 23:11,ㅔ? 날이 맑다고요?
82,2021-11-09 23:11,충무공 ㅈㄴ너무하네 ㅋㅋㅋㅋㅋ 
82,2021-11-09 23:11,ㅔ? 낡이 맑다고요?
82,2021-11-09 23:11,ㅋㅋㅋㅎㅋㅎㅋㅎㅋㅎㅎㅋㅎㅋㅎㅋㅎㅎㅋㅎㅋㅎㅋㅎㅋㅎㅋㅎㅋㅎㅋㅎㅋㅋㅋ
82,2021-11-09 23:11,"작가님으로 3행시작: 작가님
가: 다음화
님: 주세요"
82,2021-11-09 23:11,저런. 꽝걸렸나보네.
82,2021-11-09 23:11,충무공 미친..
82,2021-11-09 23:11,충무공 이런 때라도 도와주시지 거참 야박하시네
82,2021-11-09 23:11,하긴 이순신도 공무원이긴 하지ㅋㅋㅋㅋ
82,2021-11-09 23:11,ㅋㅋㅋㅋㅋㅋㅋㅋㅋㅋㅋㅋㅋㅋㅋㅋㅋㅋㅋㅋㅋㅋㅋㅋㅋㅋㅋㅋㅋㅋㅋㅋㅋㅋㅋㅋㅋㅋㅋㅋㅋㅋㅋㅋㅋㅋㅋㅋㅋㅋ
82,2021-11-09 23:10,용사가 돌아왔다 생각났다 손
82,2021-11-09 23:10,"근데 .. 삼시세끼 챙겨먹으라는데,, 먹고있는거지 ? 독자야 ㅠㅠ 너 처음에 나온 일상이보다 마른거 아니야? "
82,2021-11-09 23:10,그래 머..... 365일 싸울 순 없... 그치만 타이밍이
82,2021-11-09 23:10,물어봐살인 ㅋㅋㄱㅋㄱ
82,2021-11-09 23:09,타잔새끼 배후성 흑염룡 아니냐고..
82,2021-11-09 23:09,용사가 돌아왔다가 생각나네 
82,2021-11-09 23:09,ㅋㅋㅋㅋㅋㅋㅋㅋㅋㅋㅋ
82,2021-11-09 23:09,검도 쉬고 싶으시덴다... 쉬게 해드리자
82,2021-11-09 23:09,칼의 노래 연출 진짜 좋다
82,2021-11-09 23:09,날이 좋아서..날이 좋지 않아서..날이 적당해서... [성좌 '잘생긴 도깨비 공유'가 모습을 드러냅니다.]
82,2021-11-09 23:09,퇴장 보여주려고 어그로 끌었네ㅋㅋㅋㅋㅋㅋㅋㅋㅋㅋ
82,2021-11-09 23:09,운빨 ㅈ망겜....
82,2021-11-09 23:09,명일상도 솔직히 용사되는줄 알고 좋아했다 다른세계 가서 고생하고 100년넘게 고생하다 겨우 왔는데 지구가 망해있으면 제정신으로 있을수가 없지 ㅋㅋ
82,2021-11-09 23:09,기말고사 10시간 전 후회 없는 소장...
82,2021-11-09 23:08,이 난리중에 유상아 얼굴... 장관이고요... 신이 주신 선물이네요... 언니 사랑해
82,2021-11-09 23:08,아니 칼의 노래 연출 개빡세게 해놓고 이건 무엇ㅋㅋㅋㅋㅋ
82,2021-11-09 23:08,명일상 뭔가 뒤틀린 교복 패션 예상했는데 원시인 느낌이네
82,2021-11-09 23:08, 지구의 잘생김 기준은 유중혁 뺨때리는 횟수입니다
82,2021-11-09 23:08,공무를 보았다 에서 개 터졌네 ㅋㅋㅋㅋ
82,2021-11-09 23:08,"성좌명: 헛소리도 답정너 해주는 최고의 지식인본명:지식in
성흔:답은 정해져 있고 넌 대답만 하면 돼, 확실하지도 않은 대답해드리기, 제 답은 믿고 거르세요
화신:명일상"
82,2021-11-09 23:08,명일상 학생일때 너무 잘생겼는데 와..
82,2021-11-09 23:08,김독자...화려하게 퇴⛤장~!!!!!!
82,2021-11-09 23:08,여러분 보이시나요? 명일상 처음 봉인 풀렸을 땐 삐쩍 말랐는데 두개의 봉인이 풀리니까 근육이 생겼어요.
82,2021-11-09 23:08,SSS급 용사에서 질문의 재앙이 되어버렸다
82,2021-11-09 23:07,아니 독자 ㅠㅠㅋㄱㅋㄱㅋㄱㅋ개그캐냐고
82,2021-11-09 23:07,잠깐....분량을 생각하면 다음주나 다다음주에 큰거 하나 더 온다!
82,2021-11-09 23:07,밝았던 유상아 흑화한거 하..... 오히려 좋은데?
82,2021-11-09 23:07,? 충무공 휴가나갔네 ㅋㅋㅋㅋㅋ
82,2021-11-09 23:07,중요할 때 도와주지 않는 장군님...
82,2021-11-09 23:07,SSS급 용사 싸우다가 빤스 찢어지는거 아녀? 
82,2021-11-09 23:07,명일상의 소적염포!효과가 굉ㅈ..아니 없는듯 하다!
82,2021-11-09 23:07,와.. 명일상 진짜 멋있는 고등학생인줄 알았는데지금 보니까.. 좀 허접하네.......
82,2021-11-09 23:07,"김독자가 ""스킬 무조건 쎈척하기"" 1level을 시전합니다"
82,2021-11-09 23:06,캐디 너무 잘뽑혔어. 상아도 더 예뻐지고 명일상은 상상이랑 좀 다르지만...뭐 상관없고. 독자도 좀 더 표정이 다양해지고 좋다
82,2021-11-09 23:06,날씨는 춥고 나는 몰폰을 하고있다
82,2021-11-09 23:06,"""용사가 빤스만 입고 다녔다고 한다."""
82,2021-11-09 23:06,개멋있게 과금해서 렙 올리고 스킬 쓰고 공격하러 가는데 가챠는 실패했다고 ㅋㅋㅋㅋㅋㅋㅋㅋㅋㅋㅋㅋㅋㅋㅋ
82,2021-11-09 23:06,명일상이 플레그좀 아는구나? ㅈㄴ쌔보인다 하면 알고보니 ㅈㄴ약한거 ㅋㅋㅋㅋ
82,2021-11-09 23:06,"스포주의)명1상의 배후성은......
.
.
.
.
.
.
.
.






네이버 지식in입니다. 
아마도요..
채택 답변수 5만개이상의 5백1만 내공의 신화급도 씹어먹는다는 절대신인가봐요ㄷㄷ"
82,2021-11-09 23:06,독자 마지막에 발맞는거 왤케 하찮아ㅋㅋㅋㅋㅋㅋ
82,2021-11-09 23:06,독자 재앙 대가리 따려고했는데 구절이 ㅋㅋㅋㅋㅋ
82,2021-11-09 23:06,배댓가면 삭발
82,2021-11-09 23:06,가챠실패!  
82,2021-11-09 23:06,옆마을에 민수랑 친구인가...?
82,2021-11-09 23:06,그럴수있지 일기인데 ㅋㅋ
82,2021-11-09 23:06,아.... 저거 가챠 성흔 스킬이지????
82,2021-11-09 23:06,저 귀환자가 주인공인 소설도 재밌겠다
82,2021-11-09 23:05,아씨ㅋㅋㅋ충무공 타이밍 잘잡으셨어ㅋㅋㅋ
82,2021-11-09 23:05,충무공 선넘네 ㅋㅋㅋ
82,2021-11-09 23:05,아...옆마을에서 오신건가?
82,2021-11-09 23:05,와 독자 이쁘다
82,2021-11-09 23:05,ㅋㅋㅋ ㅈㄴ 멋이을줄 알았는뎈ㅋㅋㅋㅋ
82,2021-11-09 23:05,......네?
82,2021-11-09 23:05,충무공: 내가 뭐 항상 싸움만 하는 줄 아냐???
82,2021-11-09 23:05,"""상아한테서 그 빌어먹을 손 떼 이 타잔 새끼야"""
82,2021-11-09 23:05,원래 해치웠나? 막았나? 이렇게 의문형으로 끝나면 반대로 이루어지는개 픽션의 법칙임.
82,2021-11-09 23:05,하긴 100년만에 겨우 원래세계로 돌아왔는데 눈앞에 커플부터 있으면 빡칠만하지..
82,2021-11-09 23:05,명일상 어린애라는 묘사 나왔었나 왜 난 길영이정도로 어린애라고 생각했지
82,2021-11-09 23:05,그래도 죽는건 마찬가지..? 뭐래 우리 독자가 다 쓸어버릴건데
82,2021-11-09 23:05,명일상 유상아가 쳐낸 손 얼얼해서 쳐다보고 있는 거 뻘하게 웃기네ㅋㅋㅋㅋㅋ 상아씨 표정만 봐도 찐진심에서 우리나온 빡침이 느껴짐 쳐낸 게 얼굴이 아니라 손인 걸 감사하게 여겨라
82,2021-11-09 23:05,됐다ㅈ됐다 ㅋㅋ
82,2021-11-09 23:04,충격 김독자가 명일상보다 동안임
82,2021-11-09 23:04,아 꽝이였어여 ㅠㅠㅠㅠㅠㅠ
82,2021-11-09 23:04,명일상: 100년도 안 산 것들이유중혁: 1000년도 안 산 것들이
82,2021-11-09 23:04,ㅋㅋㅋㅋㅋㅋㅋㅋㅋㅋㅋㅋㅋㅋㅋㅋㅋㅋㅋㅋㅋㅋㅋㅋㅋㅋㅋㅋㅋㅋㅋㅋㅋㅋㅋㅋㅋㅋㅋㅋㅋㅋㅋㅋㅋㅋㅋㅋㅋㅋㅋㅋㅋㅋㅋㅋㅋㅋㅋㅋㅋㅋㅋㅋㅋㅋㅋㅋㅋㅋㅋㅋㅋㅋㅋㅋㅋㅋㅋㅋㅋㅋㅋㅋㅋㅋㅋㅋㅋㅋㅋㅋㅋㅋㅋㅋㅋㅋㅋㅋㅋㅋㅋㅋㅋㅋㅋㅋㅋㅋㅋㅋㅋㅋㅋㅋㅋㅋㅋㅋㅋㅋㅋㅋㅋㅋㅋㅋㅋㅋㅋㅋㅋㅋㅋㅋㅋㅋㅋㅋㅋㅋㅋㅋㅋㅋㅋㅋㅋㅋㅋㅋㅋㅋㅋㅋㅋㅋㅋㅋㅋㅋㅋㅋㅋㅋㅋㅋㅋㅋㅋㅋㅋㅋㅋㅋㅋㅋㅋㅋㅋㅋㅋㅋㅋㅋㅋㅋㅋㅋㅋㅋㅋㅋㅋㅋㅋㅋㅋㅋㅋㅋㅋㅋㅋㅋㅋㅋㅋㅋㅋㅋㅋㅋㅋㅋㅋㅋㅋㅋㅋㅋㅋㅋㅋㅋㅋㅋ
82,2021-11-09 23:04,"김독자 이샊히도 플래그 오지게 세우네.... ""막았나"", ""해치웠나""좀 그만쓰라고..."
82,2021-11-09 23:04,??? : 아 바람의길만 있었다면 개그물은 아니었다고 ㅋㅋㅋㅋㅋ
82,2021-11-09 23:04,리카이온 쏘는게 에네르기파 생각나네 ㅋㅋㅋㅋㅋㅋㅋㅋ
82,2021-11-09 23:04,『 9일. 비가 오고 너무 춥다. 집에 나가 전지적 독자 시점을 본다.』 
82,2021-11-09 23:04,수능D-9
82,2021-11-09 23:04,독자 시나리오 한계치만큼 코인 투자했는데 이번에는 충무공이 안도와주네ㅋㅋ
82,2021-11-09 23:04,아니 저거 날씨라도 맑아져야하는거 아니야?ㅋㅋㅋㅋㅋㅋㅋㅋㅋㅋㅋㅌㅌㅌ
82,2021-11-09 23:04,유상아 왜 잘생겼지? 명일상한테 얼굴 잡히는 예쁘다는 생각보다 잘생겨보여
82,2021-11-09 23:04,하긴 나도 예전에 일기에 헛소리 엄청 썼는데 충무공도....
82,2021-11-09 23:04,독자 얼굴.. ㅋㅋㅋ
82,2021-11-09 23:03,오 유상아 화난 표정일 때 작화가...ㄷㄷ 되게 멋있게 나왔네
82,2021-11-09 23:03,호주가 자꾸 호구로 보이네
82,2021-11-09 23:03,앗?
82,2021-11-09 23:03,장군님!!!
82,2021-11-09 23:03,???: 일격 강화. 오늘 본 꽃에 대한 기억을 버린다.
82,2021-11-09 23:03,ㅋㅋㅋㅋㅋㅋㅋㅋㅋㅋㅋㅋㅋㅋㅌㅌㅋㅋㅋㅋㅋㅋ 역시 글로 읽는거랑 차이가 있어서 너무 재미있네 ㅋㅋㅋㅋㅋㅋ
82,2021-11-09 23:03,아이고 충무공 믿다 발에 맞아버렸네ㅠㅠ
82,2021-11-09 23:03,김독자 하찮앜ㅋㅋㅋㅋㅋㅋㅋㅋㅋ
82,2021-11-09 23:03,그림 작가님 은근 개그 욕심 있는듯 ㅋㅋㅋㅋㄱㅋㅋ저번부터 가끔씩 얼빠진 얼굴 했는데 ㅋㅋㅋㅋ
82,2021-11-09 23:03,충무공 개터졌넼ㅋㅋㅋㅋㅋㅋㅋㅋㅋㅋㅋㅋㅋㅋㅋㅋㅋㅋㅋㅋㅋ
82,2021-11-09 23:03,SSS급 용사란 놈이 빤스만 입고 댕기네 ㅋㅋㅋㅋㅋㅋㅋㅋㅋㅋㅋㅋ
82,2021-11-09 23:03,랜덤버프가 아니라 그냥 랜덤갓챠였네
82,2021-11-09 23:03,장군니이이이임!!!!
82,2021-11-09 23:03,일상이 남운이랑 친구할래..? 그럼 죽으면 되는디ㅎ
82,2021-11-09 23:03,???:어? 안아픈데????:어 진짜? 그럼 더 세게 간다!!
82,2021-11-09 23:03,일상이 머리 짧게 나올줄 알았는데 좀 많이 기네...?
82,2021-11-09 23:03,아... 거기서 막았나 플래그..
82,2021-11-09 23:03,"유상아 : 액션명일상 : 판타지
김독자 : 개그"
82,2021-11-09 23:03,"성흔 : 칼의 노래는 충무공의 일기에 담긴 내용들 중 일부를 불러오는 형식이라 발동했을 때 자신에게 유리한 버프를 받을 수 있지만, 말 그대로 일기라서 쓸데없고 필요없는 구절이 나오기도 한다
간단히 말해서 가챠같은 겁니다
"
82,2021-11-09 23:02,아니 ㅋㅋ 질문의 재앙이 정말 갈고리 살인마였냐고 ㅋㅋ
82,2021-11-09 23:02,이번화 작화 진짜 지렸다.다음화 줘요.
82,2021-11-09 23:02,명일상 쫌 너무 말랐다 
82,2021-11-09 23:02,ㅋㅋㅋㅋㅋㅋㅋㅋㅋㅋㅋㅋ김남운보다 더 심한 흑화를 겪었구나... 김독자도 그렇고 너도 그렇고 폼만 잘잡네 응...ㅋㅋㅋㅋ
82,2021-11-09 23:02,실제로 난중일기에는 저렇게 날씨와 어떤일을 했는지만 쓴 날이 꽤나 많은 부분을 차지하죠 ㅋㅋㅋ
82,2021-11-09 23:02,명일상 이세카이 간 직후에는 되게 밝았네... 이세카이가 잘못했어 미안해
82,2021-11-09 23:02,일기엔 전쟁이야기만 없다 ㅋㅋ;
82,2021-11-09 23:02,28일. 맑다.공헌에 나가 업무를 보았다
82,2021-11-09 23:02,명일상 아무리 그래도 너무 거지같은 몰꼴이다....
82,2021-11-09 23:02,유상아 배후성 블랙스파이더우먼이네
82,2021-11-09 23:02,ㅋㅋㅋㅋㅋㅋㅋㅋㅋㅋㅋㅋㅋㅋㅋㅋ
82,2021-11-09 23:02,개간지였는데 충무공때문에 ㅡㅡ
82,2021-11-09 23:02,김독자 막았나? 라는 말을 하면 안 되지 해치웠나? 랑 다를 게 뭐야
82,2021-11-09 23:02,아 꽝이네 ㅋㅋ
82,2021-11-09 23:02,명일상 종합평가에 질문 안해도 죽는건 마찬가지라는거 너무 팩트로 때리는거 아니냐 ㅋ큨ㅋ
82,2021-11-09 23:02,명일상 성은이 답정너 ㅋㅋㅋㅋㅋㅋㅋㅋ
82,2021-11-09 23:02,흑염룡 이런것도 있냐 ..?
82,2021-11-09 23:01,아닠ㅋㅋㅋㅋㅋ 완전 멋있게 스킬 켜놓고서는ㅋㅋㅋ되게 허무하네ㅋㅋ
82,2021-11-09 23:01,독자 얼굴까지 버려가면서 성흔 썼는데 ㅠㅠ
82,2021-11-09 23:01,"명일상... 너는 내가 죽인다, 감히 상아 누님한테 손을 대?"
82,2021-11-09 23:01,아 ㅋㅋ 벌레타입한테나 불 2배지 노말타입 김독자한테는 별로 안아프다고 ㅋㅋ
82,2021-11-09 23:01,유상아 배후성 블랙위도우랑 피터파커 합쳤냐?
82,2021-11-09 23:01,칼의 노래는 원래 충무공 이순신 장군이 전쟁 중 쓴 난중일기를 토대로 써진 2001년 소설이여서 전쟁 때 구절 말고 저런 날씨 구절이 더 많다 합니다 가챠 실패 한 독자에게 삼고 액션 빔
82,2021-11-09 23:01,[지구에선 멸치 약골이던 내가 이세계로 갔더니 sss급 재능으로 최강자가 되어 지구로 귀환하게 된 건에 대하여]
82,2021-11-09 23:01,배후성이 양산형 제작자라 그런가 양산형 느낌나게 SSS급 많이 달려있네 ㅋㅋㅋㅋㅋ
82,2021-11-09 23:01,"김독자:아니 충무공? 스킬이 왜이래요...?해상전신:그럼 넌 일기쓰는데 핵심만 쓰냐? 기본 줄은 채워야 할거아냐......
김독자:그건 ㅇㅈ"
82,2021-11-09 23:01,이고깽.. 인가? 깽판치지 말고 돌아가렴..
82,2021-11-09 23:01,누가 제일 잘하게요 검열될줄 알았는데 외외로 나오네
82,2021-11-09 23:01,책으로 때리는거 아니었음?
82,2021-11-09 23:01,충무공님 왜 하필 이 타이밍에... ㅜㅜㅜ
82,2021-11-09 23:01,저 재앙 독자가 깨웠네 막았나?라는 부화 플래그를 세우고 ㅋㅋㅋㅋㅋㅋㅋ
82,2021-11-09 23:01,그 밑에 벗겨지면 큰일나겟다 응..
82,2021-11-09 23:00,용사로 선택될때 모습 생각이랑 다르게 멀쩡하네
82,2021-11-09 23:00,나... 나.. 7일을... 기다렸는데..
82,2021-11-09 23:00,충무공.....?
82,2021-11-09 23:00,질문의 재앙 소설에선 아무것도 걸치치 않았으나 시력상의 이유 뭐비슷한걸로 빨간빤쓰 걸쳤습니다
82,2021-11-09 23:00,가챠 실패했네 ㅋㅋㅋ
82,2021-11-09 23:00,명일상 상당히 별론데 캐디 너무 못했다 이번엔
82,2021-11-09 23:00,원작에서는 흑염포였는데 여기선 적염포네 ㅋㅋㅋㅋ
82,2021-11-09 23:00,공헌은 뭐고 공무는 뭐죠...?
82,2021-11-09 23:00,독자야 김 식었어
82,2021-11-09 23:00,ㅋㅋㅋㅋㅋㅋㅋㅋㅋㅋㅋ 일기쓴 날에 기분이 좋으셨나봥
82,2021-11-09 23:00,자아아앙구우우우운....!!!!!!!!!
82,2021-11-09 23:00,김독자 근데 어떻게 저런 얼굴도 귀엽니 사랑한다......
82,2021-11-09 23:00,명일상 저놈 저거 말하는 게 너무 같잖아서 어딜 우리 상아씨 얼굴에 손을 대고 있어 까지 생각하고 있었는데 상아씨 얼굴이 너무 짜릿해서 순간 무슨 생각했는지 잊어버림;
82,2021-11-09 23:00,ㅈㄴ 간지나게 한자 휘랄리면서 뛰었는데 한대맞고 나가떨어졌어ㅋㅋㅋ;
82,2021-11-09 23:00,"아이고 충무공님아무리 그래도 하필 28일이라뇨
다른 이순신하고 활이라도 쐈다고 적으시지"
82,2021-11-09 23:00,"질문에 재앙 성흔 이름 ㅋㅋ[답은 정해저 있고 너는 대답만 하면 돼]
왜이리 웃기냐 ㅋㅋㅋ"
82,2021-11-09 23:00,양산형 배후성 머야 ㅋㅋㅋㅋㅋㅋㅋ
82,2021-11-09 23:00,ㅋㅋㅋㅋㅋㅋㅋㅋ 가챠실패 ㅋㅋㅋㅋㅋ
82,2021-11-09 23:00,"충무공 : 이번주 날씨는요.
맑다."
82,2021-11-09 23:00,얼굴에 그림자 진 건줄 알았는데 흉터였어..
82,2021-11-09 23:00,독자 지난번부터 점점 개그캐 되가는거 같은데 ㅋㅋㅋㅋㅋㅋㅋㅋ
82,2021-11-09 23:00,명일상 글로봤을 때 딱 김남운느낌 날 꺼 같았는데 딱 그느낌 비슷한 중2병스러운 걸 잘 캐치해주셔서 그린듯 ㄹㅇ
82,2021-11-09 23:00,날씨가 맑아질수도....?
82,2021-11-09 23:00,아 별점 9.99 나만 불편한가
82,2021-11-09 23:00,"아니, 작화 지렸다..!!!!다음화 줘요!!!
"
82,2021-11-09 23:00,김남운이랑 친구하면 잘맞게 생겼네 ㅋㅋㅋㅋㅋㅋㅋㅋㅋㅋ
82,2021-11-09 23:00,나도 모쏠 25년차인데마법 하나쯤은 쓸 수 있으려나
82,2021-11-09 23:00,"독자씨???뭐하는 거에요???
중혁이한테 한소리 듣겠네요ㅋㅋㅋ"
82,2021-11-09 23:00,난 늑대를 선택하겠어…곤충은 아니야…
82,2021-11-09 23:00,여기서 다시 기억할점 하나칼의노래는 난중일기를 바탕으로 만들어졌기때문에 난중일기는 이순신의 일기정도이므로 칼의노래도 일기정도입니다..
82,2021-11-09 23:00,명일상 피셜 김독자는 유상아 남친이다.
82,2021-11-09 23:00,유상아 왤캐 흑화했냐..하 오히려 좋은데?
82,2021-11-09 23:00,"머야 시발 어디 상아씨 얼굴을 움켜쥐어요흠집나면 어칼라고;
얼굴이 성유물인데;;;"
82,2021-11-09 23:00,믿었던 충무공님의 뒷통수에 당황해버린 독자
82,2021-11-09 22:59,혹시 죽었다 살아나거나 귀환하면 옷을 일어버리는게 전통인갓인가..
82,2021-11-09 22:59,와씨 재앙  겁나 이해된다... 나는 지금 커플들 연애하는거 부러워 죽겠는디 100년동안 싸워서 본게 저렇다니
82,2021-11-09 22:59,그냥 일했다는거죠? 장군님
82,2021-11-09 22:59,하긴 일기라고 했으니까 '공무를 봤다'도 적을 수 있지.....하지만 하필 저렇게 폼잡은 순간에ㅋㅋㅋㅋㅋㅋ
82,2021-11-09 22:59,"해상전신: ... 일기쓰기 귀찮아, 맑다 쓰고 말아야겠다.
김독자: 충무공님..."
82,2021-11-09 22:59,"[성좌, '영원한 꿈을 꾸는 자'가 자신의 머리를 치며 웃습니다.]"
82,2021-11-09 22:59,아니 ㅋㅋㅋㅋㅋㅋㅋ 왜 하필 그날 날씨를 적냐고 ㅋㅋㅋㅋㅋ
82,2021-11-09 22:59,김독자 충무공..?하는 거 왤케 웃김 ㅋㅋ
82,2021-11-09 22:59,명일상 진짜 OOO 같이 뽑혔네ㅋㅋ
82,2021-11-09 22:59,"아 믿었던 칼의 노래가ㅋㅋㅋㄱㅋㅋㅋ어쩔수없음 일기인걸...
일기에 쿠쾅쾅 화살이 빗발쳤다. 왜놈들이 오늘도 쳐들어왔다 이런 것만 적을 순 없잖아... 응..."
82,2021-11-09 22:59,"오늘의 킬포ㅋㅋㅋㅋㅋ""28일 맑다. 공헌에 나가 공무를 보았다.""
김독자 간만에 폼 좀 잡나 했는데ㅠㅠ 우리 충무공 장군님ㅋㅋㅋㅋㅋㅋㅋㅋㅋㅋㅋ"
82,2021-11-09 22:59,대답하지말라니까 착실하게 대답해주네
82,2021-11-09 22:59,김독자 똥폼 ㅋㅋㅋㅋㅋㄱㅋㅋㅋㄱㅋㄱㅋ
82,2021-11-09 22:59,지구의 잘생김 기준은 유중혁입니다 ^^
82,2021-11-09 22:59,충무공 ㅈㄴ 웃기네 ㅋㅋㅋㅋㅋ 왜 이럴때는 안도와주는데 ㅋㅋㅋㅋ
82,2021-11-09 22:59,ㅋㄱㅋㅋㅋㅋㅋㄲㅋㅇㄴㄲㅋㅋㅋㅋㄲㄲㅋㅋㅋ
82,2021-11-09 22:59,답정너ㅋㅋㅋㅋㅋㅋㅋㅋㅋㅋㅋㅋㅋㅋㅋㅋㅋㅋ
82,2021-11-09 22:59,"하필 평화로운 페이지냨ㅋㅋㅋㅋㅋㅋㅋ 우리독자 안그래도 없던 폼 더 없어보이게,,"
82,2021-11-09 22:59,갑자기 충무공??!!!
82,2021-11-09 22:59,지금시점에 10점 레전드네...ㄷㄷ
82,2021-11-09 22:59,아니ㅋㅋㄹㅋㄹㅋㄹㅋ하필 골라도ㅋㅋㄹㅋㄹㅋㅋㄹㅋㄹㅋㅋㄹㅋㄹ김독자 근데 오늘 오ㅔ렇게 귀엽냐ㅋㅋㅋㅋ
82,2021-11-09 22:59,아ㅋㅋㅋㅋㅋㅋㅋ김독자 김빠지게 하는거 ㅈㄴ 웃겨ㅋㅋㅋㅋ응?...충무공?ㅋㅋㅋㅋ
82,2021-11-09 22:59,하필 거기가 터지네ㅋㅋㅋㅋ
82,2021-11-09 22:59,충무공무친놈
82,2021-11-09 22:59,독자: 왜...?충무공: 가보자고
82,2021-11-09 22:59,28일 날이맑다내시험은 어둡다
82,2021-11-09 22:59,독자가 시나리오 클리어 못한것도 최초 아닌가..?
82,2021-11-09 22:59,뭐냐... 맨 마지막 나만 이해안돼..?
82,2021-11-09 22:59,작가님 분량부족은 저만 느끼나요?
82,2021-11-09 22:59,아니 칼의 노래 구절의 상태가 좀 많이 이상한데......?
82,2021-11-09 22:59,왠지 여름방학숙제로 몰아서 쓴 일기 같네요 충무공님 ㅋㅋ
82,2021-11-09 22:59,다행히 가렸어 ...
82,2021-11-09 22:59,우리 상아누나한테 찝적대지 마 명일상
82,2021-11-09 22:59,김독자 서있는데 왜 늑대 자빠졌냐고 아 ㅋㅋ
82,2021-11-09 22:59,뭔가요즘 적어진거같음
82,2021-11-09 22:58,유상아 개이쁘네
82,2021-11-09 22:58,"   [28일. 맑다. 공헌에 나가 공무를
      보았다.] 

걸려도 일상이 걸렸네  ㅋㅋㅋㅋㅋㅋㅋㅋㅋㅋㅋㅋ
"
82,2021-11-09 22:58,아 장군님 ㅋㅋㅋㅋㅋㅋㅋㅋㅋㅋㅋㅋㅋㅋㅋㅋㅋㅋㅋㅋㅋㅋㅋㅋㅋㅋㅋㅋㅋㅋㅋㅋㅋㅋㅋㅋㅋㅋㅋㅋㅋㅋㅋㅋㅋㅋㅋㅋㅋㅋㅋㅋㅋㅋㅋㅋㅋㅋㅋㅋㅋㅋㅋㅋㅋㅋㅋㅋㅋㅋㅋㅋㅋㅋㅋㅋㅋㅋㅋㅋㅋㅋㅋㅋㅋㅋㅋㅋㅋㅋㅋㅋㅋㅋㅋㅋㅋㅋㅋㅋ 
82,2021-11-09 22:58,마지막 간지 다 어디갔누 ㅋㅋ
82,2021-11-09 22:58,명일상 되게 꼬마같이 생겼는 줄 알았는데 생각보다 더 원시인같네
82,2021-11-09 22:58,명일상 소설로 봤을땐 미소년인줄 알았는데그냥 야생이었군..
82,2021-11-09 22:58,벌레 잡는데엔 역시 할아브죠
82,2021-11-09 22:58,질문하는 뵨때 강림...
82,2021-11-09 22:58,흔한 양산형에서 나올법한 애가 재앙이라니
82,2021-11-09 22:58,난중일기는 평화로운 내용이 대다수라죠..그래서 안쌔지는겁니다
82,2021-11-09 22:58,맞다 쟤 있었지...
82,2021-11-09 22:58,잘 보다가 마지막 남은날에서 움찔했네..
82,2021-11-09 22:58,아 김독자 가챠뽑기 실패함 ㅋㅋㅋㅋㅋㅋㅋㅋㅋㅋㅋㅋㅋㅋㅋㅋㅋㅋㅋㅋㅋㅋㅋㅋㅋㅋㅋㅋㅋㅋㅋ
82,2021-11-09 22:58,성흔이 답정너 ㅋㅋㅋㅋㅋㅋㅋㅋ
82,2021-11-09 22:58,충무공 할아버가 뭘 좀 아는구만 
82,2021-11-09 22:58,충무공 개웃기네 ㅋㅋㅋㅋㅋㅋㅋㅋ 뭔가 되게 멋있는게 나올줄 알았는데 ㅋㅋㅋㅋㅋ
82,2021-11-09 22:58,명일상 팬티만 입고있네 내가 생각한 모습이 아닌데?
82,2021-11-09 22:58,일상이 왜 빤스바람이니 옷은 왜 클로노스에 두고왔니..독자야 니 목욕가운좀 빌려줘라... 이자식들 칠칠맞게 옷도 제대루 안임그..에잉 쯧
82,2021-11-09 22:58,근데 상아 ■나 이쁘다..
82,2021-11-09 22:58,아 난중일기 읽었을 때 생각난다ㅋㅋㅋㅋㅋ 일기예보ㅜㅜ
82,2021-11-09 22:58,해치웠나??
82,2021-11-09 22:58,아 김독자 댕청해ㅠㅋㅋㅋㅋㅋㅋㅋㅋㅋㅋㅋㅋㅋㅋ ㅋㅋㅋㅋㅋㅋ ㅋㅋㅋㅋㅋㅋㅋㅋ표정어쩔거냐고
82,2021-11-09 22:58,막 날씨가 맑아질수도...?
82,2021-11-09 22:58,근데 다시보니까 엔티누스도 짠하다.. 저사람 때문에 자기 종족 다 죽고 해서 우는거 보니까 좀 짠하네..
82,2021-11-09 22:58,질문의 재앙한테 적이라도 사명대사의 거적대기 좀 주자....
82,2021-11-09 22:58,유상아씨 이쁜건 알아보는구만
82,2021-11-09 22:58,명일상 작은 체형인줄 알았는데 꽤 크다...
82,2021-11-09 22:58,장군님만 믿고 달려들었는데... ㅠㅠ
82,2021-11-09 22:58,?
82,2021-11-09 22:58,재앙쉑ㅋㅋ지가 갖혀놓고 남탓하는 꼬라지ㅋㅋ
82,2021-11-09 22:58,공무를 보았다 ㅋㅋㅋㅋㅋ
82,2021-11-09 22:58,아 ㅋㅋ큐ㅠㅠ 여기 칼의노래 원작보면서도 개조아햇던부분 ㅠㅠㅠㅠ
82,2021-11-09 22:57,운빨필요한 스킬이였네 ㅋㅋ
82,2021-11-09 22:57,아ㅋㅋㅋㅋㅋㅋㅋㅋㅋㅋㅋㅋㅋㅋㅋㅋㅋㅋㅋㅋ충무공 좀 도와주시지...ㅋㅋㅋㅋㅋㅋㅋㅋㅋㅋㅋㅋㅋㅋㅋㅋㅋㅠ
82,2021-11-09 22:57,와 아시는구나! 칼의 노래 겁나 강.합.니.다
82,2021-11-09 22:57,답은 정해져 있고 너는 대답만 하면 돼 (찡긋)
82,2021-11-09 22:57,아 밀린 공무는 못참지 ㅋㅋㅋ
82,2021-11-09 22:57,아닠ㅋㅋㅋㅋㅋㅋㅋ
82,2021-11-09 22:57,장ㅋㅋㅋㅋ군님ㅋㅋㅋㅋㅋㅋㅋㅋㅋㅋㅋㅋㅋㅋㅋ
82,2021-11-09 22:57,"[성좌, '해상전신'이 자기도 사람인지라 일기에 명언만 적을 수는 없다고 합니다.]"
82,2021-11-09 22:57,명일상 청소년 체형일줄알았는데겁나 크네
82,2021-11-09 22:57,ㅋㅋㅋㅋㅋㅋㅋ 칼의 노래의 허점이 여기서 ㅠㅠ
82,2021-11-09 22:57,칼의노래 이펙트 간지난다 역시 장군님
82,2021-11-09 22:57,충무공...?ㅋㅋㅋㅋㅋㅋㅋㅋㅋㅋㅋㅋㅋㅋㅋ
82,2021-11-09 22:57,아 장군님..ㅋㅋㅋㅋㅋ
82,2021-11-09 22:57,ㅋㅋㅋㅋㅋㅋ 저거 옆 웹툰 민수 아니노?
82,2021-11-09 22:57,하필이면 ㅋㅋㅋㅋㅋ
82,2021-11-09 22:57,ㅋㅋㅋㅋㅋㅋㅋㅋㄲㅋㅋ 공무서류 소환되면 웃기겠다
82,2021-11-09 22:57,ㅋㅋㅋㅋ가챠스킬이었냐고ㅋㅋㅋ
82,2021-11-09 22:57,저거 버프기 가챠였구나ㅋㅋㅋㅋㅋ  꽝도 나오네ㅋㅋ
82,2021-11-09 22:57,성흔을 준다고 했지 매번 좋게 뜬다고는 안하신 우리 장군님...
82,2021-11-09 22:57,장군님 힘을 적절할 때 주셨는데 저렇게 된다고?
82,2021-11-09 22:57,명일상 내가 생각한 얼굴이랑 많이 다르네
82,2021-11-09 22:57,"명일상: 저건 누구야? 누나 남친이야?
김독자: 나는 유중혁이다.

[화신,'김독자'가 또 또 '유중혁 사칭'을 사용합니다.]

한낮의 밀회를 사용한 유중혁: 한대로는 부족하겠군"
82,2021-11-09 22:57,명일상 생각보다 평범하게 나왔네ㅋㅋ
82,2021-11-09 22:57,나중에 같은편이 될 것 같은 느낌은??
82,2021-11-09 22:57,아니ㅋㅋㅋㅋ 잘나가다 마지막에 짜게 식네ㅋㅋㅋㅋㅋ
82,2021-11-09 22:57,다행이다 팬티 입고있구나
82,2021-11-09 22:57,일상이도 노팬티야..?
82,2021-11-09 22:57,충무공 ㅠㅋㅋㅋㅋㅋㅋㅋ 
82,2021-11-09 22:57,비싼 가챠 돌렸는데 꽝걸린 표정같음 ㅋㅋㅋㅋㅋㅋㅋㅋㅋ
82,2021-11-09 22:57,질문의 재앙이 깨어난 이유는 마법의 주문 [막았나?]를 시전했기 때문입니다
82,2021-11-09 22:57,아 장군님..ㅋㅋㅋㅋㅋ
82,2021-11-09 22:57,"아니 독자 응? 하는 표정 너무 웃기고 귀여움 ㅋㅋㅋㅋㅋㅋㅋㅋㅋㅋ
날씨가 맑았다.."
82,2021-11-09 22:57,명일상 코트는 없나?
82,2021-11-09 22:57,아니 오늘 분량;;;;
82,2021-11-09 22:57,헿
82,2021-11-09 22:57,..내가 상상했던 명일상이 아니야... 힝...
82,2021-11-09 22:57,우리 세계에도 있잖아 재앙 ㅋㅋ
82,2021-11-09 22:57,독자의 오늘의 운세:아 날씨 좋다ㅎㅎ
82,2021-11-09 22:57,ㄹㅇ 저렇게 원시인처럼 나올줄은 몰랐지.. 그냥 중2병 고딩정도로 생각했다고..
82,2021-11-09 22:57,성흔 이름이 답은 정해져있으니 넌 대답만 하면 돼 ㅋㅋㄲㄱㅋㅋ
82,2021-11-09 22:57,ㅋㅋㅋㅋㅋㅋㅋㅋ 공무
82,2021-11-09 22:57,주말잔업의 소절
82,2021-11-09 22:57,마지막 너무 초라한거 아니냐고 ㅋㅋ
82,2021-11-09 22:56,ㅋㅋㅋㅋㅋㅋㅋㅋㅋㅋ
82,2021-11-09 22:56,저거 일기였지;;
82,2021-11-09 22:56,"명일상 왜 이렇게 애가 삐쩍 골았냐ㅋㅋㅋㅋㅋㅋㅋㅋㅋ근데 또 중2병 느낌 나서 웃김
"
82,2021-11-09 22:56,아니 김독자 폼 다 잡아놓고ㅋㅋㅋㅋㅋㅋㅋㅋㅋㅋㅋㅋㅋㄱㅋ 충무공.........ㅠㅠㅠㅋㄱㄱㅋㅋㅋㅋㅋㅋㅋㅋㅋㄱㄱ
82,2021-11-09 22:56,날씨가 맑은 건 인정이지
82,2021-11-09 22:56,일기라서 저런 구절도 있답니다 ㅋㅋㅋㅋㅋㅋㅋ 걍 도박기술임
82,2021-11-09 22:56,아~하필 저게 걸리냐 ㅣㅋㅋㅋㅋㅋㅋㅋㅋㅋㅋㅋㅋ
82,2021-11-09 22:56,10점....10점을 보았다!
82,2021-11-09 22:56,명일상이 장발일줄은 ㅋㅋㅋㅋㅋㅋ
82,2021-11-09 22:56,막았나 저거 플래그세워서 못막은거임
82,2021-11-09 22:56,이제 곧 질문의 재앙이 18일에 찾아올 겁니다
82,2021-11-09 22:56,명일상씨 잘생긴 또ㄹㅇ였넹....
82,2021-11-09 22:56,"아니 ""막았나?""이런 말좀 하지 말라고ㅋㅋㅋㅋㅋㅋㅋ"
82,2021-11-09 22:56,칼의 노래 > 카레 노래
82,2021-11-09 22:56,용사였던 내가 이세계에선 노출증환자?
82,2021-11-09 22:56,아니 소설에서는 그저 그랬는데 충무공 힘 안빌려주는 장면에서 독자 표정이 너무 웃기잖아요 ㅋㅋㅋ
82,2021-11-09 22:56,아 무작위 기술이라 안 좋은거 나왔네ㅋㅋㅋ
82,2021-11-09 22:56,10점을 보았다.. ㄸ
82,2021-11-09 22:56,오...명일상...머리가 길군. 당연히 짧을줄 알았는데
82,2021-11-09 22:56,아아 충무공이시여...
82,2021-11-09 22:56,소흑염포가 저렇게 세보일줄은 몰랐지... 그냥 소설로 볼 때는 조그만한 구체같은거 생성해서 던지는건줄 알았는데... 
82,2021-11-09 22:56,옆집에 용사가 돌아왔다 생각난다
82,2021-11-09 22:56,답은 정해져있고 넌 대답만 하면 돼ㅋㅋㅋㅋㅋㅋㅋㅋㅋㅋㅋㅋㅋㅋㅋ 이게 왜 성흔
82,2021-11-09 22:56,명일상 왜 교복입은장면 존잘인거냐...?
82,2021-11-09 22:56,명일상 생각이랑 다른데 그래도 신선하네
82,2021-11-09 22:56,이순신에게 저건 일상이였지 ㅋㅋㅋㅋ
82,2021-11-09 22:56,이걸 가챠를 실패하네;;
82,2021-11-09 22:56,아ㅋㅋ 귀환 클리셰가 여기서 나오네
82,2021-11-09 22:55,나 이 전개 화요일웹툰에서 봤어
82,2021-11-09 22:55,김독자:용사가 왜 돌아오고 GRALL 이야
82,2021-11-09 22:55,ㅋㅋㅋㅋㅋ 일기가 나와버리네
82,2021-11-09 22:55,"아니 김독자 멍청아 ""막았나?!""하고 주문을 외우면 어떡하냐고.."
82,2021-11-09 22:55,뭐야 명일상 과거 개 잘생겼네
82,2021-11-09 22:55,ㅋㅋㅋㅋㅋㅋㅋㅋㅋ 칼의 노래가 진짜 랜덤한 성흔이구나..
82,2021-11-09 22:55,명일상제법잘생김
82,2021-11-09 22:55,"질""문""의 ""재앙"""
82,2021-11-09 22:54,아 가릴건 가렸구나
82,2021-11-09 22:54,오오
82,2021-11-09 22:54,내일학교가야되는데..
82,2021-11-09 22:54,"""막았나?!"" 플래그를 세워버렸네..."
82,2021-11-09 22:54,소설에서 명일상보면 좀 더 깔쌈한 고딩이미지였는데 여긴 범죄자 포스네ㅋㅋㅋㅋㅋ
82,2021-11-09 22:54,ㅋㅋㅋㅋ ㅋㅋㅋㅋ ㅋㅋㅋㅋ ㅋㅋㅋㅋ ㅋㅋㅋㅋ ㅋㅋㅋㅋ ㅋㅋㅋㅋ ㅋㅋㅋㅋ ㅋㅋㅋㅋ ㅋㅋㅋㅋ ㅋㅋㅋㅋ ㅋㅋㅋㅋ ㅋㅋㅋㅋ ㅋㅋㅋㅋ ㅋㅋㅋㅋ ㅋㅋㅋㅋ ㅋㅋㅋㅋ ㅋㅋㅋㅋ ㅋㅋㅋㅋ ㅋㅋㅋㅋ ㅋㅋㅋㅋ ㅋㅋㅋㅋ ㅋㅋㅋㅋ ㅋㅋㅋㅋ ㅋㅋㅋㅋ ㅋㅋㅋㅋ ㅋㅋㅋㅋ ㅋㅋㅋㅋ ㅋㅋㅋㅋ ㅋㅋㅋㅋ ㅋㅋㅋㅋ ㅋㅋㅋㅋ ㅋㅋㅋㅋ ㅋㅋㅋㅋ ㅋㅋㅋㅋ ㅋㅋㅋㅋ ㅋㅋㅋㅋ ㅋㅋㅋㅋ ㅋㅋㅋㅋ ㅋㅋㅋㅋ ㅋㅋㅋㅋ ㅋㅋㅋㅋ ㅋㅋㅋㅋ ㅋㅋㅋㅋ ㅋㅋㅋㅋ ㅋㅋㅋㅋ ㅋㅋㅋㅋ ㅋㅋㅋㅋ ㅋㅋㅋㅋ ㅋㅋㅋㅋ ㅋㅋㅋㅋ ㅋㅋㅋㅋ ㅋㅋㅋㅋ ㅋㅋㅋㅋ ㅋㅋㅋㅋ ㅋㅋㅋㅋ ㅋㅋㅋㅋ ㅋㅋㅋㅋ ㅋㅋㅋㅋ ㅋㅋㅋㅋ ㅋㅋㅋㅋ ㅋㅋㅋㅋ ㅋㅋㅋㅋ ㅋㅋㅋㅋ ㅋㅋㅋㅋ ㅋㅋㅋㅋ ㅋㅋㅋㅋ ㅋㅋㅋㅋ ㅋㅋㅋㅋ ㅋㅋㅋㅋ ㅋㅋㅋㅋ ㅋㅋㅋㅋ ㅋㅋㅋㅋ ㅋㅋㅋㅋ ㅋㅋㅋㅋ ㅋㅋㅋㅋ ㅋㅋㅋㅋ ㅋㅋㅋㅋ ㅋㅋㅋㅋ ㅋㅋㅋㅋ ㅋㅋㅋㅋ ㅋㅋㅋㅋ ㅋㅋㅋㅋ ㅋㅋㅋㅋ ㅋㅋㅋㅋ ㅋㅋㅋㅋ ㅋㅋㅋㅋ ㅋㅋㅋㅋ ㅋㅋㅋㅋ ㅋㅋㅋㅋ ㅋㅋㅋㅋ ㅋㅋㅋㅋ ㅋㅋㅋㅋ ㅋㅋㅋㅋ ㅋㅋㅋㅋ ㅋㅋㅋㅋ ㅋㅋㅋㅋ ㅋㅋㅋㅋ ㅋㅋㅋㅋ ㅋㅋㅋㅋ 
82,2021-11-09 22:54,ㅋㅋㅋㅋㅋㅋㅋㅋㅋㅋㅋㅋㅋㅋㅋㅋㅋㅋㅋㅋㅋㅋㅋㅋㅋㅋㅋㅋㅋㅋㅋㅋㅋㅋㅋㅋㅋㅋㅋㅋㅋㅋㅋㅋㅋㅋㅋㅋㅋㅋㅋㅋㅋㅋㅋㅋㅋㅋㅋㅋㅋㅋㅋㅋㅋㅋㅋㅋㅋㅋㅋㅋㅋㅋㅋㅋㅋㅋㅋㅋ
82,2021-11-09 22:54,6
82,2021-11-09 22:54,오
82,2021-11-09 22:54,와 진짜 재밌다!! ㅎㅎㅎ
82,2021-11-09 22:54,기말고사 11시간전 후회없는 소장.....
82,2021-11-09 22:53,오
82,2021-11-09 22:53,갹
